,Island_Name,Acreage,Country,latitude,longitude,Large Acreage,Ocean Island,Income Potential,Mainland Power,Islands with Beaches,Turn Key,Airstrip or Fly-in,Income Producing,Lake Island,Seasonal,Historic,River Island,Mainland Lot,nearest_city,city_distance,price
0,Island of Patroklos,643,Greece,37.653722572499,23.9490794021,yes,yes,yes,yes,no,no,no,no,no,no,no,no,no,Palaiá Fókaia,4.58,NA
1,Rangyai Island,110,Thailand,7.954389999999999,98.447306,yes,yes,yes,no,yes,no,no,no,no,no,no,no,no,Ban Ko Kaeo,3.69, 160000000.00
2,Pumpkin Key,26,United States of America,24.713197,-81.55425279999999,yes,yes,yes,no,no,yes,no,no,no,no,no,no,no,Cudjoe Key,4.54, 95000000.00
3,Spectabilis Island,460,Bahamas,24.358032100000006,-76.58215279999997,yes,yes,yes,no,yes,no,no,no,no,no,no,no,no,Arthur’s Town,60.1, 62000000.00
4,Cave Cay,222,Bahamas,23.901611090339998,-76.26314199536101,yes,yes,yes,no,yes,yes,no,no,no,no,no,no,no,George Town,40.22, 60000000.00
5,Nengo Nengo Atoll,2223,France,-18.75310201788,-141.80789642334,yes,yes,yes,no,yes,no,yes,no,no,no,no,no,no,Avarua,1178.3, 55778670.24
6,Kandoo Island,42,Maldives,5.852108073458401,73.336561174011,yes,yes,yes,no,yes,yes,no,yes,no,no,no,no,no,Manadhoo,7.92,NA
7,Schulzewerder Island,21,Poland,53.455763540891,15.919064601172,yes,no,yes,no,no,yes,no,yes,yes,yes,yes,no,no,Powiat drawski,4.25,NA
8,Vouvalos Island,32,Greece,38.98634600000001,20.917405,yes,yes,no,no,no,no,no,no,no,no,no,no,no,Vónitsa,5.11,NA
9,Windermere,0,Bahamas,25.0513819,-76.1218479,yes,yes,yes,no,no,yes,no,yes,no,no,yes,no,no,Arthur’s Town,40.94,NA
10,Taveuni Island Resort & Spa,8,Fiji,-16.947,179.91099999999997,no,yes,yes,no,no,yes,no,no,no,no,no,no,no,Cakaudrove Province,38.0,NA
11,Vadinolhu Island Resort,19,Maldives,2.0176771675969,73.359217930025,no,yes,yes,no,yes,no,no,no,no,no,no,no,no,Fonadhoo,16.18,NA
12,Serenity Beaches Resort,8,Tonga,-19.853491117388998,-174.41237374608997,no,yes,no,no,yes,yes,no,yes,no,no,no,no,no,Pangai,4.63,NA
13,Blue Dolphin Island,104,Panama,9.2416266,-82.155322,yes,yes,yes,no,no,no,no,no,no,no,no,no,no,Isla Bastimentos,4.3,NA
14,Igoigori Island,150,Papua New Guinea,-10.725911952740999,150.28970031738,yes,yes,no,no,yes,no,no,no,no,no,no,no,no,Samarai Murua,23.6,NA
15,Amillarah Private Islands,0,Maldives,4.1754959000000005,73.50934740000002,no,no,yes,no,no,yes,no,no,no,no,no,no,no,Male,0.02,NA
16,Ngerbelas Island,21,Palau,8.043057051711099,134.69969931738,yes,yes,no,no,yes,no,no,no,no,no,no,no,no,Koror Town,50.71,NA
17,Big Scrub Island,170,United Kingdom,18.4678241,-64.5125777,yes,yes,yes,no,yes,no,no,no,no,no,no,no,no,Saint Paul’s,132.41,NA
18,Lovango Cay,5,United States of America,18.3624533,-64.8037499,no,yes,yes,no,yes,yes,no,no,no,no,no,no,no,Saint Paul’s,145.31,NA
19,Mustique,0,SVG,12.8799415,-61.1840188,no,yes,yes,no,no,yes,no,no,no,no,no,no,no,Kingstown,19.25,NA
20,Tojo Una Una Island,3089,Indonesia,-0.7453490893578001,121.76495264416,yes,yes,no,no,yes,no,no,no,no,no,no,no,no,Tojo Una-Una Regency,37.21,NA
21,Jost Van Dyke,0,United Kingdom,18.4462768,-64.74291310000001,no,no,yes,no,no,no,no,no,no,no,no,no,no,Saint Paul’s,144.52,NA
22,Steele Point,8,United Kingdom,18.389249943049,-64.717145311478,no,yes,yes,no,no,yes,no,no,no,no,no,no,no,Saint Paul’s,141.13,NA
23,Long Island,4600,United States of America,32.6843457,-79.9306445,yes,no,no,no,no,no,no,no,no,no,no,yes,no,Folly Beach,2.09,NA
24,Ginger Island,258,United Kingdom,18.385174600000006,-64.4777837,yes,yes,yes,no,yes,no,no,no,no,no,no,no,no,Saint Paul’s,127.41,NA
25,Praia do Algodão,29,Brazil,-23.0057347,-44.3157591,no,yes,yes,no,yes,yes,no,yes,no,no,no,no,no,Angra dos Reis,0.16,NA
26,Treasure Cove,75,Belize,17.492632614252994,-88.080477142334,no,yes,no,no,no,no,no,no,no,no,no,no,no,Belize City,7.73,NA
27,Blunder Bay Estates,1,United Kingdom,18.4939059,-64.4022877,no,yes,yes,no,yes,yes,no,no,no,no,no,no,no,Saint Paul’s,127.49,NA
28,Waldron Island,50,United States of America,48.697965365638,-123.03004101444999,yes,no,yes,no,yes,yes,yes,no,yes,no,no,no,no,Friday Harbor,11.33,NA
29,Mounu Island Resort,7,Tonga,-18.7512793,-174.06794509999997,no,yes,no,no,yes,no,no,yes,no,no,no,no,no,Neiafu,8.86,NA
30,Pelican Island,32,Antigua,17.105436938726,-61.70393617981,no,yes,yes,no,yes,no,no,no,no,no,no,no,no,Piggotts,6.39,NA
31,The Ocean Flower,0,Maldives,4.3082232000000005,73.505305,no,no,yes,no,no,no,no,no,no,no,no,no,no,Hulhumale,7.09,NA
32,Barefoot Cay Resort,8,Honduras,16.337773874129994,-86.47496419787,no,yes,no,no,no,no,no,yes,no,no,no,no,no,French Harbor,2.89,NA
33,Verde Island Resort,274,Philippines,13.551798000000002,121.07364,yes,yes,no,no,no,no,no,yes,no,no,no,no,no,Ilihan,5.48,NA
34,Gopher Key Florida,10,United States of America,24.642636524140002,-81.48533277511599,no,yes,no,no,no,no,no,no,no,no,no,no,no,Cudjoe Key,2.16,NA
35,Schloss Island,82,Canada,50.496782,-127.86204,yes,yes,yes,no,no,no,no,no,no,no,no,no,no,Port McNeill,34.66,NA
36,Isla San Pedro,16000,Chile,-47.71666670000001,-74.91666670000002,yes,yes,yes,no,no,yes,no,no,no,no,no,no,no,Provincia Capitán Prat,66.22,NA
37,Isla Rancheria,310,Panama,8.26783,-82.42224499999998,yes,yes,no,no,yes,no,yes,no,no,no,no,no,no,Pedregal,6.83,NA
38,The World Islands - Dubai,0,United Arab Emirates,25.217832,55.168812,no,no,yes,yes,no,no,no,no,no,no,no,no,no,Dubai,13.1,NA
39,"Blackbook Listing
(2521)",0,SVG,13.010051400000002,-61.2306446,yes,yes,no,no,yes,no,no,no,no,no,no,no,no,Kingstown,10.04,NA
40,Darby Island,554,Bahamas,23.8495955,-76.22763370000001,yes,yes,yes,no,yes,yes,yes,no,no,no,yes,no,no,George Town,36.18, 46000000.00
41,Dulichium Island,1335,Greece,38.414257277137,21.091775751343,yes,yes,no,no,no,no,no,no,no,no,no,no,no,Astakós,8.4, 44622936.19
42,"Blackbook Listing
(2106)",0,Turks and Caicos,21.85,-72.1166667,yes,yes,yes,no,yes,no,no,no,no,no,no,no,no,Saint-Louis du Nord,138.02,NA
43,Motu Tane,10,France,-16.4490481,-151.7630533,no,yes,yes,no,yes,yes,no,no,no,no,no,no,no,Avarua,618.38, 39000000.00
44,Organica Beach,1492,Panama,8.3091734471503,-78.970234166259,no,yes,no,no,yes,no,no,no,no,no,no,no,no,San Miguel,10.45, 38000000.00
45,Webber Island,50,Canada,44.9211591,-79.8398567,no,no,no,yes,no,no,no,no,yes,yes,no,no,no,Midland,12.01,NA
46,Mowat Island,11,Canada,45.3676324,-80.1499853,no,no,no,no,no,yes,no,no,yes,yes,yes,no,no,Parry Sound,5.74,NA
47,Pulfords Island,2,Canada,49.713,-94.536,no,no,no,yes,no,no,no,no,yes,no,no,no,no,Kenora,4.29,NA
48,Barne's Island,4,Canada,45.034305678322,-76.827730248071,no,no,yes,no,no,yes,no,no,yes,yes,no,no,no,Perth,29.75,NA
49,Charlebois Island,36,Canada,45.078402271848,-80.068906635437,no,no,no,no,no,no,no,no,no,no,no,no,no,Parry Sound,18.65,NA
50,Villa Katsura,3,United Kingdom,18.489842764822,-64.41457799361,no,yes,yes,no,yes,no,no,yes,no,no,no,no,no,Saint Paul’s,127.98,NA
51,Little Ragged Island,700,Bahamas,22.1649094,-75.7051647,yes,yes,yes,no,yes,no,no,no,no,no,no,no,no,Gibara,77.87, 35000000.00
52,Big Grand Cay Archipelago,213,Bahamas,27.221578378814996,-78.31628549921899,yes,yes,yes,no,yes,yes,no,no,no,no,no,no,no,High Rock,42.32, 29000000.00
53,Frozen Cay and Alder Cay,84,Bahamas,25.543680537704,-77.713680267334,yes,yes,yes,no,yes,yes,no,no,no,no,no,no,no,San Andros,39.08, 29000000.00
54,Bird Cay,250,Bahamas,25.4003556,-77.815285,yes,yes,no,no,yes,no,yes,no,no,no,no,no,no,San Andros,27.33, 26000000.00
55,Kanacea Island,3085,Fiji,-17.263613,-179.151735,yes,yes,no,no,yes,no,no,no,no,no,no,no,no,Lau Province,69.2, 26000000.00
56,10 Kilometers Beachfront,2213,Belize,16.253724362073,-88.580941743896,yes,yes,no,no,yes,no,no,no,no,no,no,no,no,Punta Gorda,18.59,NA
57,Nusa Riro,22,Solomon Islands,-8.2876215273616,157.13175418427,yes,yes,no,no,no,no,no,no,yes,no,yes,no,no,Gizo,23.57, 25000000.00
58,Lighthouse Cay,765,Bahamas,24.627201,-76.14726999999998,yes,yes,yes,no,yes,no,no,no,no,no,no,no,no,Arthur’s Town,29.88,NA
59,Matana South Seas Plantation,806,Fiji,-17.260587688582,179.34997545459,yes,yes,no,no,yes,no,no,no,no,no,no,no,no,Cakaudrove Province,41.27, 25000000.00
60,Lera Cay,80,Bahamas,24.7615833,-76.26819444444399,no,yes,yes,no,yes,no,no,no,no,no,no,no,no,Arthur’s Town,38.67, 24000000.00
61,Leaf Cay Private Residences,15,Bahamas,24.150151,-76.473169,no,yes,yes,no,yes,yes,yes,yes,no,no,no,no,no,Arthur’s Town,60.08, 24000000.00
62,St Phillips Island,4680,United States of America,32.2843663,-80.6131635,yes,no,no,no,no,no,no,no,no,no,no,yes,no,Beaufort County,6.82,NA
63,Captiva Key,13,United States of America,26.509387462845996,-82.184738017444,no,no,no,no,no,no,no,no,no,no,no,no,no,Saint James City,6.62, 22000000.00
64,Pakatoa Island,60,New Zealand,-36.7961147,175.1939382,yes,yes,no,no,yes,no,no,yes,no,no,no,no,no,Pakuranga,16.47,NA
65,The Plantation,495,Belize,16.587927998458,-88.362654604315,yes,yes,no,no,yes,no,no,no,no,no,no,no,no,Placencia,5.1, 21000000.00
66,Half Moon Cay,10,Honduras,16.441712015679,-85.848778597809,no,yes,yes,no,yes,yes,no,no,no,no,no,no,no,Savannah Bight,0.58,NA
67,"Blackbook Listing
(2520)",0,SVG,13.010051400000002,-61.2306446,yes,yes,no,no,no,no,no,no,no,no,no,no,no,Kingstown,10.04,NA
68,Guafo Island,49422,Chile,-43.59305560000001,-74.7136111,yes,yes,no,no,no,no,no,no,no,no,no,no,no,Quellón,64.14, 20000000.00
69,Ile de Caille,400,Grenada,12.287246,-61.58314300000001,yes,yes,yes,no,yes,no,no,no,no,no,no,no,no,Sauteurs,6.08, 20000000.00
70,Whale Cay,575,Bahamas,25.410789571574,-77.78529086103501,yes,yes,yes,no,yes,yes,yes,yes,no,no,no,no,no,San Andros,28.97,NA
71,Broad Key,63,United States of America,25.351074696991,-80.26041613359101,yes,yes,yes,no,no,yes,no,no,no,no,no,no,no,North Key Largo,7.0,NA
72,Jwycesska Island,351,Bahamas,27.1206248,-78.08373459999999,yes,yes,no,no,yes,no,no,no,no,no,no,no,no,High Rock,37.27, 19000000.00
73,Violin Island,321,Mexico,18.809859895888,-88.087663257691,yes,yes,no,no,yes,no,no,no,no,no,no,no,no,Calderitas,20.71, 18000000.00
74,Gumelemi Cay,8,Bahamas,26.7001865,-77.1767345,no,yes,yes,no,yes,no,no,no,no,no,no,no,no,Marsh Harbour,13.02,NA
75,Little Hawkins Island,3,United States of America,31.197381,-81.394983,no,no,yes,yes,no,yes,no,no,no,no,yes,yes,no,Saint Simon Mills,1.98, 17800000.00
76,Frozen Cay,40,Bahamas,25.548584336378003,-77.71307239258999,no,yes,yes,no,yes,yes,no,no,no,no,no,no,no,San Andros,39.39, 17000000.00
77,Hopkins Island,13,United States of America,24.629443,-81.379735,no,yes,yes,no,yes,yes,no,no,no,no,no,no,no,Big Pine Key,3.23,NA
78,St Thomas,300,Greece,37.809623,23.247124,yes,yes,no,no,no,no,no,no,no,no,no,no,no,Ágioi Theódoroi,9.95, 16733601.07
79,World Island Project (D98),12,United Arab Emirates,25.231060807557,55.167477416992,no,yes,yes,yes,yes,no,no,no,no,no,no,no,no,Dubai,13.84, 16000000.00
80,Charles Island,55,Bahamas,25.540893,-76.748171,yes,yes,yes,no,no,no,no,no,no,no,no,no,no,Spanish Wells,1.08, 16000000.00
81,St John's Island,750,Greece,37.821285509524,23.261950846557998,yes,yes,no,no,no,no,no,no,no,no,no,no,no,Ágioi Theódoroi,9.82,NA
82,Palm Island,4,United States of America,24.712448758751997,-81.10686047486901,no,yes,yes,no,yes,yes,no,no,no,no,no,no,no,Marathon,1.04, 15500000.00
83,Terra's Key,16,United States of America,24.892688685289997,-80.65894130423,no,yes,yes,yes,yes,yes,no,no,no,no,no,no,no,Islamorada,2.93, 15000000.00
84,"Blackbook Listing
(2602)",0,Fiji,-17.776535600000006,177.43562269999995,yes,yes,no,no,yes,no,yes,no,no,no,no,no,no,Nadi,2.24,NA
85,East Sister Rock,1,United States of America,24.687248045946003,-81.074581708598,no,yes,yes,no,no,yes,no,no,no,no,no,no,no,Marathon,2.08, 15000000.00
86,"Blackbook Listing
(2538)",0,Belize,17.5045661,-88.1962133,yes,yes,yes,no,yes,yes,yes,no,no,no,no,no,no,Belize City,0.36,NA
87,Alder Cay,43,Bahamas,25.5368382,-77.71444609999998,no,yes,yes,no,yes,yes,no,no,no,no,no,no,no,San Andros,38.66, 15000000.00
88,Cebaco Island,7410,Panama,7.5527201,-81.0865035,yes,yes,yes,no,yes,yes,no,no,no,no,no,no,yes,Mariato District,10.34, 15000000.00
89,Big Sampson Cay,121,Bahamas,24.2122708,-76.4772748,yes,yes,yes,no,yes,yes,yes,no,no,no,no,no,no,Arthur’s Town,58.08, 14500000.00
90,Petra Island,11,United States of America,41.383149,-73.737076,no,no,yes,no,no,yes,no,no,yes,yes,yes,no,no,Mahopac,0.77,NA
91,Walker's Cay,58,Bahamas,27.259665,-78.401442,yes,yes,yes,no,yes,no,yes,no,no,no,yes,no,no,High Rock,45.52,NA
92,Wavi Island,27,Fiji,-16.802836,179.41130857141002,yes,yes,yes,no,yes,yes,no,no,no,no,no,no,no,Cakaudrove Province,9.41,NA
93,Petit Nevis,71,SVG,12.973634,-61.243501,yes,yes,yes,no,yes,no,no,no,no,no,no,no,no,Kingstown,12.6,NA
94,Elizabeth Island Property,38,Bahamas,23.503712256995,-75.720227208398,yes,yes,yes,no,yes,yes,no,no,no,no,no,no,no,George Town,4.3, 14000000.00
95,Shelter Island Estate,22,United States of America,47.89550120000001,-114.1742844,yes,no,yes,no,no,yes,no,no,yes,no,no,no,no,Lakeside,8.87,NA
96,Nissos Makri,245,Greece,38.359157,21.036705,yes,yes,no,no,no,no,no,no,no,no,no,no,no,Katochí,12.26,NA
97,False Caye,60,Belize,16.602023452031,-88.338857012537,yes,yes,no,no,yes,no,no,no,no,no,no,no,no,Placencia,6.34, 12000000.00
98,Nananu-I-Cake,600,Fiji,-17.31839772771,178.23174825928,no,no,no,no,no,no,no,no,no,no,no,no,no,Ra Province,13.26, 12000000.00
99,An Island Within An Island,14,Bahamas,26.504536409891,-78.656153578821,yes,yes,no,no,no,no,no,no,no,no,no,no,no,Lucaya,2.09, 12000000.00
100,Casey Bay,4,United Kingdom,18.459454775961,-64.441094985706,no,yes,no,no,no,yes,no,yes,no,no,no,no,no,Saint Paul’s,128.2,NA
101,Saddleback Cay,47,Bahamas,24.654108960511998,-76.810913085938,yes,yes,yes,no,yes,no,no,no,no,no,no,no,no,Nassau,43.5, 11800000.00
102,Pepin Island,1280,New Zealand,-41.1507105,173.42646519999997,yes,yes,yes,no,yes,yes,no,no,no,no,no,no,no,Nelson,11.12, 11467068.01
103,The Duke Group Archipelago,3300,Australia,-21.983476,150.16093999999995,yes,yes,yes,no,yes,yes,yes,no,no,no,no,no,no,Sarina,72.07, 11379153.39
104,Northern Aegean Island,34,Greece,37.994851823417,24.258839609375,yes,yes,no,no,yes,no,no,no,no,no,no,no,no,Marmárion,4.99,NA
105,Spalathronisi Island,26,Greece,40.020836439853,23.807564664063,yes,yes,no,no,yes,no,no,no,no,no,no,no,no,Néos Marmarás,5.36, 11155734.05
106,Nakacha Huraa Lagoon,29,Maldives,4.3442396845888,73.390642771936,yes,yes,no,no,yes,no,no,no,no,no,no,no,no,Hulhumale,13.78, 11000000.00
107,Isla Puerco,160,Panama,8.3674816117751,-78.807892735474,yes,yes,no,no,yes,no,no,no,no,no,no,no,no,San Miguel,10.77, 11000000.00
108,Batchawana Island,5200,Canada,46.892542575833,-84.518707020508,yes,no,no,no,no,no,no,no,yes,no,no,no,no,Sault Ste. Marie,27.41, 10972379.87
109,Kuramaadhoo Island,44,Maldives,5.873270622952501,73.143555492065,yes,yes,yes,no,yes,no,no,no,no,no,no,no,no,Ugoofaaru,16.18, 10765283.36
110,Keraamithaa Island,103,Maldives,0.390701,73.012837,yes,yes,no,no,no,no,no,no,no,no,no,no,no,Thinadhoo,9.71, 10765283.36
111,Deer Cay,603,Belize,18.098019096371,-87.95653867876,yes,yes,no,no,no,no,no,no,no,no,no,no,no,San Pedro,12.59, 10500000.00
112,Thompson Island,5,United States of America,24.564164771563,-81.74923418437801,no,yes,yes,no,no,yes,no,no,no,no,no,no,no,Stock Island,0.71, 10495000.00
113,Tavernier Key,31,United States of America,24.997050346648003,-80.502186196729,yes,yes,no,no,no,no,no,no,no,no,no,no,no,Tavernier,1.28, 10149000.00
114,Lambay Cay,7,Honduras,15.961115806933,-86.471495149158,no,yes,no,no,yes,no,no,no,no,no,no,no,no,Nueva Armenia,11.58,NA
115,Toad Hall Estate,6,United Kingdom,18.4303327,-64.4435806,no,no,no,no,no,yes,no,yes,no,no,no,no,no,Saint Paul’s,127.21, 10000000.00
116,"Blackbook Listing
(2096)",0,Seychelles,-4.679574,55.491977,yes,yes,no,no,yes,yes,yes,yes,no,no,no,no,no,Cascade,1.05,NA
117,Belle Island & Cubbage Island,264,United States of America,31.76382999047,-81.22067805659199,yes,no,no,no,no,no,no,no,no,no,yes,yes,no,Midway,12.67, 10000000.00
118,Young Island Resort,13,SVG,13.13102202381,-61.202609669998,no,yes,no,no,yes,yes,no,yes,no,no,no,no,no,Kingstown,2.37, 10000000.00
119,Blue Island,700,Bahamas,23.391374022343,-75.474572913403,yes,yes,yes,no,yes,yes,yes,no,no,no,no,no,no,George Town,21.58,NA
120,Water Caye,567,Belize,17.384237,-88.064037,yes,yes,no,no,no,no,no,no,no,no,no,no,no,Belize City,11.87, 10000000.00
121,Lataro Island,719,Vanuatu,-15.26504,167.191537,yes,yes,yes,no,yes,yes,yes,yes,no,no,no,no,yes,Port-Olry,17.35, 9995000.00
122,Great Sale Cay,370,Bahamas,26.9966296,-78.21058570000002,yes,yes,yes,no,yes,no,no,no,no,no,no,no,no,High Rock,27.04, 9900000.00
123,Lumber Cay,30,Bahamas,24.161774994724002,-76.430015586694,yes,yes,no,no,yes,no,no,no,no,no,no,no,no,Arthur’s Town,57.37, 9400000.00
124,Jim Cay,8,Bahamas,23.883476164965,-76.25602703223298,no,yes,no,no,yes,no,no,no,no,no,no,no,no,George Town,39.06, 9000000.00
125,Sandy Island,20,Grenada,12.2220101,-61.5858804,no,no,no,no,no,no,no,no,no,no,no,no,no,Sauteurs,3.61, 9000000.00
126,Isla Di Yerba,8,Curacao,12.079673590662,-68.845199630566,no,yes,no,no,no,no,no,no,no,no,no,no,yes,Puerto Cumarebo,53.5, 8800000.00
127,Trump Island,29,United States of America,48.5044389,-122.8386889,yes,no,yes,no,no,yes,no,no,yes,no,no,no,no,Friday Harbor,8.42, 8750000.00
128,Leaf Cay,30,Bahamas,23.7861,-76.1271,no,yes,yes,no,yes,no,no,no,no,no,no,no,no,George Town,28.5, 8500000.00
129,Roberts Cay,20,Bahamas,24.796630248371,-76.831727423279,no,yes,yes,no,yes,no,no,no,no,no,no,no,no,Nassau,36.79, 8000000.00
130,Sandy Cay,8,Bahamas,26.583726472911,-77.00692410688501,no,yes,yes,no,yes,yes,no,no,no,no,no,no,no,Marsh Harbour,4.57,NA
131,Nukudrau Island,46,Fiji,-16.734812825877,179.58135919417,yes,yes,yes,no,yes,no,no,no,no,no,no,no,no,Cakaudrove Province,11.87,NA
132,Sipson Island,25,United States of America,41.736553716213,-69.963220453967,yes,yes,yes,no,yes,yes,no,no,no,no,yes,no,yes,Chatham,3.77, 7985000.00
133,Hope Island,86,United States of America,43.705916,-70.1175477,yes,yes,yes,no,no,yes,no,no,no,no,no,no,no,Falmouth Foreside,4.93,NA
134,Devils Cay,117,Bahamas,25.600664,-77.728615,yes,yes,yes,no,yes,no,no,no,no,no,no,no,no,San Andros,42.0, 7950000.00
135,Katitche Point Greathouse,1,United Kingdom,18.47188,-64.414659289,no,no,no,no,no,yes,no,yes,no,no,no,no,no,Saint Paul’s,127.27, 7950000.00
136,Powell Cay,294,Bahamas,26.908188800000005,-77.4773674,yes,yes,yes,no,yes,no,no,no,no,no,no,no,no,Cooper’s Town,3.29, 7895000.00
137,Woodmere Island,5,Canada,45.143841,-79.583031,no,no,yes,yes,no,yes,no,no,yes,yes,no,no,no,Bracebridge,15.08, 7895000.00
138,Kato Antikeri Island,272,Greece,36.841371654212,25.666822592589998,yes,yes,no,no,no,no,no,no,no,no,no,no,no,Filótion,17.25,NA
139,Kaashihulhudhoo Island,38,Maldives,0.48814383502309,72.994624296728,yes,yes,no,no,yes,no,no,no,no,no,no,no,no,Thinadhoo,2.95, 7809013.83
140,Horse Island,157,Ireland,51.51630460000001,-9.4680023,yes,yes,yes,no,yes,yes,yes,no,no,no,no,no,no,Skibbereen,8.96, 7530120.48
141,Adavaci Island,102,Fiji,-17.200052192319,-179.00711732794,yes,yes,no,no,yes,no,no,no,no,no,no,no,no,Lau Province,70.85, 7500000.00
142,Petit Trou Peninsula,50,Grenada,12.025008319683002,-61.659445166595,yes,yes,no,no,yes,no,no,no,no,no,no,no,no,Saint David’s,1.77, 7500000.00
143,Frenchman's Caye,200,Belize,17.572844202155,-88.07520285101299,yes,yes,no,no,no,no,no,no,no,no,no,no,no,Belize City,9.52, 7500000.00
144,Parida Island,217,Panama,8.1294648092245,-82.332038738037,yes,yes,yes,no,yes,yes,yes,no,no,no,no,no,no,Pedregal,17.79, 7500000.00
145,Aese Island,1690,Vanuatu,-15.4316954,167.2491365,yes,yes,no,no,yes,no,no,no,no,no,no,no,no,Luganville,8.4, 7500000.00
146,Sand Dollar Cay,24,Bahamas,25.570007589664996,-77.723293432861,no,yes,yes,no,yes,no,no,no,no,no,no,no,no,San Andros,40.32, 7200000.00
147,Motu Rauoro,18,France,-16.572897586134,-151.44357146067,no,yes,no,no,yes,no,no,no,no,no,no,no,no,Avarua,631.61, 7137688.53
148,Sawyer's Cay,6,Bahamas,25.539214,-76.80510699999998,no,yes,yes,no,yes,no,no,no,no,no,no,no,no,Spanish Wells,2.62, 7050000.00
149,Bonefish Cay 135-acres,14,Bahamas,26.890357276101998,-77.451210363477,no,yes,yes,no,yes,yes,no,no,no,no,no,no,no,Cooper’s Town,3.93, 7000000.00
150,40-acre Beachfront Property on Ambergris Caye,40,Belize,18.001592000000006,-87.94328370000002,yes,yes,no,yes,yes,no,no,no,no,no,no,no,no,San Pedro,6.1, 6999500.00
151,Rai Ki Wai Estate,47,Fiji,-17.616061300000005,179.0012007,yes,yes,no,no,yes,no,yes,yes,no,no,no,no,no,Lomaiviti Province,13.7,NA
152,Bird Island,51,United States of America,28.897588121452998,-81.851878186755,yes,no,yes,no,no,yes,no,no,yes,no,no,no,no,Fruitland Park,4.14, 6700000.00
153,Vargas Island Lot,65,Canada,49.202900055189,-126.03647077867,yes,yes,no,no,yes,no,yes,no,no,no,no,no,no,Tofino,6.77, 6600000.00
154,The Southern Minks,14,Canada,45.379377777778,-80.430175,no,no,yes,no,no,yes,no,no,yes,no,no,no,no,Parry Sound,19.3,NA
155,"Blackbook Listing
(2534)",0,United States of America,18.335765,-64.896335,yes,yes,no,no,yes,no,no,no,no,no,no,no,no,Saint Paul’s,149.96,NA
156,Motu Moie,20,France,-16.558143428902,-151.51192377453998,no,yes,yes,no,yes,yes,no,no,no,no,no,no,no,Avarua,628.31, 6500000.00
157,Tiger Point,359,Belize,17.249595979556002,-88.337132008984,no,no,no,no,no,no,no,no,no,no,no,no,no,Belize City,19.57, 6400000.00
158,Nail Bay Land,60,United Kingdom,18.4939059,-64.4022877,yes,yes,yes,no,no,no,no,no,no,no,no,no,no,Saint Paul’s,127.49, 6200000.00
159,Toberua Island Resort,5,Fiji,-17.9749062,178.7047,no,yes,no,no,yes,yes,no,yes,no,no,no,no,no,Tailevu Province,16.64, 6200000.00
160,Nissos Sofia,44,Greece,38.4801066,21.001351100000004,yes,yes,no,no,no,no,no,no,no,no,no,no,no,Astakós,5.78,NA
161,Breakwater Island,65,Canada,49.13581168535301,-123.68240396955,yes,yes,yes,no,no,yes,no,no,no,no,no,no,no,Cedar,7.82,NA
162,Maosonon Island,112,Philippines,11.242817734494,119.68198835502,yes,yes,no,no,yes,no,no,no,no,no,no,no,no,Tiniguiban,14.37,NA
163,Dao Island,118,Philippines,12.053276,119.793267,yes,yes,no,no,yes,no,no,no,no,no,no,no,no,Panlaitan,5.89,NA
164,Kelefesia Island,32,Tonga,-20.501593015529,-174.73575489941,yes,yes,no,no,yes,no,no,no,no,no,no,no,no,Kolonga,48.6, 6000000.00
165,Live Oaks Island,12,United States of America,32.439456446913,-80.497382089966,no,yes,no,yes,no,no,no,no,no,no,no,no,no,Beaufort,10.07,NA
166,Johnny's Cay,4,Bahamas,26.5677383,-76.97240699999998,no,yes,yes,no,yes,yes,no,no,no,no,no,no,no,Marsh Harbour,5.93,NA
167,Savage Island Plantation,415,United States of America,32.183446137973,-80.86671905752,yes,no,yes,no,no,yes,no,no,no,no,no,yes,no,Bluffton,3.73,NA
168,Janoyoy Island,4,Philippines,9.7546852,126.1312853,no,yes,no,no,yes,no,no,no,no,no,no,no,no,Union,1.44, 5600000.00
169,Manta Caye,8,Belize,16.713649493800002,-87.851645323181,no,yes,yes,no,yes,no,no,no,no,no,no,no,no,Dangriga,30.81,NA
170,Pierre Island,16,Bahamas,25.556148,-76.659508,no,yes,yes,no,yes,no,no,no,no,no,no,no,no,Dunmore Town,4.0, 5495000.00
171,Stroggilo Island,54,Greece,37.372743083346,26.716260910034,yes,yes,no,yes,no,no,no,no,no,no,no,no,no,Skála,10.14, 5020080.32
172,Tragonisi Island,90,Greece,37.803434608927,23.247510648163,yes,yes,no,no,no,no,no,no,no,no,no,no,no,Ágioi Theódoroi,10.31,NA
173,"Blackbook Listing
(2107)",0,Bahamas,26.873299600000006,-77.9038897,yes,yes,yes,no,yes,no,no,no,no,no,no,no,no,Cooper’s Town,24.2,NA
174,Hood Island,4,Canada,48.715472786144,-123.37285671161,no,yes,no,no,yes,no,no,no,no,no,no,no,no,North Saanich,4.0,NA
175,Fishermans Caye,42,Belize,16.672240983807,-88.189809406494,yes,yes,no,no,yes,no,no,no,no,no,no,no,no,Placencia,16.0, 4995000.00
176,Tivi Island,150,Fiji,-16.272035532284,179.46879186902,yes,yes,no,no,yes,no,no,no,no,no,no,no,no,Labasa,13.11, 4995000.00
177,La Patella,1,Bahamas,25.046294712052998,-77.500128857811,no,yes,yes,no,no,yes,no,no,no,no,no,no,no,Nassau,9.87, 4950000.00
178,North Saddle Caye,4,Belize,16.693212043576,-88.171033100525,no,yes,yes,no,no,yes,no,no,no,no,no,no,no,Placencia,17.9, 4950000.00
179,Goat Cay,7,Bahamas,23.402352664334,-75.51426998864801,no,yes,yes,no,no,no,no,no,no,no,no,no,no,George Town,18.97, 4800000.00
180,Bainema Paradise Beach Villa,158,Brazil,-13.623767218007,-38.904993726368,yes,yes,yes,no,no,yes,no,no,no,no,no,no,no,Cairu,7.31, 4680000.00
181,Isla Brava,140,Panama,8.1830842766129,-82.25595582525601,yes,yes,no,no,yes,no,no,no,no,no,no,no,no,San Lorenzo,13.55, 4600000.00
182,Castle Island,20,Canada,50.120349,-88.81904899999998,no,no,yes,no,no,yes,no,no,yes,yes,no,no,no,Thunder Bay District,45.15,NA
183,Big Fish Cay,55,Bahamas,27.049362100000003,-77.8374429,yes,yes,yes,no,yes,yes,no,no,no,no,no,no,no,Cooper’s Town,23.55, 4500000.00
184,65-Acre Private Island Resort,7,Belize,17.575057271267,-88.064189529053,no,yes,yes,no,yes,yes,no,no,no,no,no,no,no,Belize City,10.22, 4500000.00
185,"Hawks Nest Cay, 26 acres",26,Bahamas,25.748372256259,-77.820128354956,yes,yes,no,no,yes,no,no,no,no,no,no,no,no,San Andros,49.24, 4500000.00
186,Valiha Island,950,Madagascar,-12.385039,48.70694,yes,yes,no,no,yes,no,no,no,no,no,no,no,no,Mahalina,12.64, 4462293.62
187,Cerboli Island,10,Italy,42.8583454,10.5475429,no,yes,no,no,no,no,no,no,no,no,no,no,no,Piombino,4.77, 4462293.62
188,Lake Saimaa Development,256,Finland,61.7394836,29.1283248,yes,no,no,no,no,no,no,no,yes,no,no,no,no,Punkaharju,8.61, 4400000.00
189,Montego Caye,119,Belize,17.586769730739,-88.08263120805702,yes,yes,no,no,yes,no,no,no,no,no,no,no,no,Belize City,9.68, 4250000.00
190,Golden Pavilion,4,United Kingdom,18.456187032225,-64.5739799021,no,yes,yes,no,no,yes,no,no,no,no,no,no,no,Saint Paul’s,135.36, 4250000.00
191,Reef Island,17,United States of America,48.6042678,-123.016293,no,no,yes,no,yes,yes,no,no,yes,no,no,no,no,Friday Harbor,4.84,NA
192,Green Island,68,United States of America,45.8354988,-84.747483,yes,no,no,no,no,no,no,no,yes,no,no,no,no,Saint Ignace,2.33,NA
193,Koome Island,3053,Uganda,-0.06078554512572,32.825773656067,yes,no,no,no,no,no,no,no,yes,no,no,no,no,Entebbe,25.25, 4000000.00
194,Four Islands in Panama,45,Panama,9.593418152061599,-79.664805793762,yes,yes,no,no,yes,no,no,no,no,no,no,no,no,Portobelo,2.84, 4000000.00
195,1 Mandalay Island,3,United States of America,27.1813275,-80.1868135,no,yes,yes,no,yes,yes,no,no,no,no,no,no,no,Sewall's Point,1.57, 3995000.00
196,Puenta Vieja Parcel,30,Panama,9.2937751849534,-82.08274235866101,yes,yes,no,no,yes,no,no,no,no,no,no,no,no,Isla Bastimentos,3.48, 3988000.00
197,Wild Berry Cay,100,Bahamas,25.4618921,-77.793122,yes,yes,yes,no,yes,no,no,no,no,no,no,no,no,San Andros,31.68, 3950000.00
198,Turtle Island Australia,23,Australia,-23.798903,151.26486,yes,yes,yes,no,yes,yes,no,no,no,no,no,no,no,Gladstone Central,3.2,NA
199,Faraway Camp,50,Canada,45.98770208555101,-81.553664520703,no,no,yes,no,no,yes,no,no,yes,yes,yes,no,no,Little Current,17.83, 3779795.69
200,Pavis Island,11,Canada,45.56096820000001,-80.4662676,no,no,yes,yes,no,yes,no,no,yes,yes,no,no,no,Parry Sound,25.58,NA
201,Petite Cay,36,Bahamas,25.772586991466998,-77.834499382837,yes,yes,no,no,yes,no,no,no,no,no,no,no,no,San Andros,50.59, 3750000.00
202,Quartz Bay,88,Canada,50.163471549273005,-124.98944184608999,no,yes,yes,no,no,yes,no,no,no,no,no,no,no,Campbell River,15.21, 3745743.47
203,Angel Island,3,Canada,49.377718624928995,-94.125371296387,no,no,yes,yes,no,yes,no,no,yes,yes,no,no,no,Kenora,31.49, 3707907.68
204,Scott Island,5,Canada,48.972485,-123.69523999999998,no,yes,yes,no,no,yes,no,no,no,no,no,no,no,Saltair,3.72,NA
205,Koh Jum Island Lodge,7,Thailand,7.8118868,98.9769851,no,no,no,no,no,no,no,no,no,no,no,no,no,Amphoe Ko Lanta,9.74, 3600000.00
206,Medio Island,99,Philippines,12.38,124.040556,yes,yes,no,no,yes,no,no,no,no,no,no,no,no,Capul,9.95, 3500000.00
207,Fawn Island,2,United States of America,48.6137126,-123.0071271,no,no,yes,no,no,yes,no,no,yes,no,no,no,no,Friday Harbor,5.51,NA
208,Little Goat Island,390,United States of America,32.789100063283,-79.798896457544,yes,yes,no,no,no,no,no,no,no,no,no,no,no,Isle of Palms,0.28, 3500000.00
209,Isla Bonita,20,Brazil,-22.991823161238,-43.910332969385,no,yes,yes,no,yes,yes,no,no,no,no,no,no,no,Mangaratiba,8.58, 3500000.00
210,Mai Island,32,Fiji,-16.199549003578998,179.83641846777005,yes,yes,yes,no,yes,yes,no,no,no,no,no,no,no,Labasa,35.21,NA
211,AuTrain Island,106,United States of America,46.485629,-86.896019,yes,no,no,no,no,no,no,no,yes,no,no,no,no,Munising,12.82, 3450000.00
212,Wild Duck Island,300,Australia,-22.006397,149.8555,yes,yes,yes,no,yes,no,yes,no,no,no,no,no,no,Sarina,57.69, 3413746.02
213,Whitestone Island,6,Canada,49.596500534036,-124.04484564722,no,yes,yes,no,no,yes,no,no,no,no,no,no,no,South Pender Harbour,1.98, 3405221.34
214,Dumunpalit Island,75,,12.3830556,120.1172222,yes,yes,no,no,yes,no,no,no,no,no,no,no,no,Buluang,19.3, 3400000.00
215,Ilha Comprida,10,Brazil,-22.963767808131,-44.369380523804,no,no,no,no,no,no,no,no,no,no,no,no,no,Angra dos Reis,4.41,NA
216,Fazenda Cipo Island,25,Brazil,-13.761744214978002,-39.102697763354,yes,yes,no,no,yes,no,no,no,no,no,no,no,no,Ituberá,3.54, 3346720.21
217,Lihnari Peninsula,95,Greece,37.8419,23.0669,yes,yes,no,no,no,no,no,no,no,no,no,no,no,Sofikón,3.4, 3346720.21
218,Kythnos Island parcel,187,Greece,37.3933984,24.417332100000007,yes,yes,no,no,yes,no,no,no,no,no,no,no,no,Nomós Kykládon,27.45, 3235162.87
219,Moho Caye,8,Belize,16.499695000000006,-88.167182,no,yes,yes,no,yes,no,no,no,no,no,no,no,no,Placencia,13.24,NA
220,Loud Island,30,United States of America,44.481756268327,-83.371748580395,yes,no,yes,no,no,yes,no,no,yes,no,yes,no,yes,Au Sable,5.27, 3200000.00
221,The Carolina Cays,256,United States of America,35.87920326,-75.63056954,yes,yes,no,no,yes,no,no,no,no,no,no,no,no,Wanchese,2.56, 3200000.00
222,Historic Popenhager Camp,21,United States of America,25.9867611,-81.0431176,yes,no,yes,no,no,yes,no,no,yes,no,yes,yes,no,Collier County,22.37, 3150000.00
223,Victoria Point Cays,10,Bahamas,24.228493092317,-77.622438263446,no,yes,yes,no,no,yes,no,no,no,no,no,no,no,Andros Town,34.19, 3100000.00
224,Fairview Island,20,Canada,45.225600682004995,-79.069234899414,no,no,yes,yes,no,yes,no,no,yes,yes,no,no,no,Huntsville,10.33,NA
225,Benbow Caye,133,Belize,17.477182355903,-88.085782798584,yes,yes,no,no,no,no,no,no,no,no,no,no,no,Belize City,7.53, 3000000.00
226,Soneva Jani,1,Maldives,5.7116682307060005,73.41500039577,no,yes,yes,no,yes,yes,no,no,no,no,no,no,no,Manadhoo,3.82, 3000000.00
227,Soneva Fushi,1,Maldives,5.111997,73.078154,no,yes,yes,no,yes,yes,no,no,no,no,no,no,no,Open Stage,0.67, 3000000.00
228,Emerald Island,6,United States of America,37.071107874446,-79.60751847100799,no,no,yes,no,no,yes,no,no,yes,no,no,no,no,North Shore,2.9,NA
229,Itaranajá Island,3756,Brazil,-0.65,-47.21666670000001,yes,yes,no,no,no,no,no,no,no,no,no,no,no,São João de Pirabas,9.04, 3000000.00
230,Ram Island Washington,10,United States of America,48.476404758247995,-122.83138870701,no,no,no,no,yes,no,no,no,yes,no,no,no,no,Friday Harbor,9.4,NA
231,Islas Marias,27,Panama,7.7099136918319,-81.071343698425,yes,yes,no,no,yes,no,no,no,no,no,no,no,no,Mariato District,5.1, 3000000.00
232,Pucoy Island,141,Philippines,11.7516371,119.9581538,yes,yes,no,no,yes,no,no,no,no,no,no,no,no,San Miguel,18.87, 3000000.00
233,Victor Island Escape,8,Australia,-21.323164346979002,149.32219402856,no,yes,yes,no,yes,yes,no,no,no,no,no,no,no,Hay Point,3.63,NA
234,Nukanamo Island,22,Tonga,-19.714895604984,-174.27620482543998,yes,yes,no,no,yes,no,no,no,no,no,no,no,no,Pangai,8.56,NA
235,Big Gull Island,12,United States of America,56.99569585671699,-135.34265605239,no,yes,yes,no,no,yes,no,no,no,no,no,no,no,Sitka,3.99, 3000000.00
236,Kadomo Island,70,Fiji,-17.492507999999994,177.0518092,yes,yes,no,no,yes,no,no,no,no,no,no,no,no,Lautoka,27.63, 2980000.00
237,Whiskey Island,3,United States of America,44.24727,-76.153,no,no,yes,no,no,yes,no,no,no,no,no,yes,no,Clayton,3.37, 2950000.00
238,High Cay,31,Bahamas,23.949181018009,-74.476727632016,no,yes,no,no,yes,no,no,no,no,no,yes,no,no,Clarence Town,66.88, 2950000.00
239,Cambria Island,4,Canada,45.540331683775996,-80.437903119049,no,no,yes,no,no,yes,no,no,yes,no,yes,no,no,Parry Sound,23.64, 2947408.25
240,Bigwood Island,36,Canada,45.764793950427,-80.640522540918,yes,no,yes,no,no,yes,no,no,yes,no,no,no,no,Parry Sound District,38.94, 2913356.03
241,Point Pleasant,500,Canada,46.040075845372,-62.535433817261,yes,no,no,no,no,no,no,no,no,yes,no,no,no,Montague,10.3, 2900000.00
242,Mowgli Island,9,,48.971999200000006,-123.6084175,no,yes,yes,no,no,no,no,no,no,no,no,no,no,Chemainus,6.34, 2875520.24
243,Cogra Point Peninsula,28,Australia,-33.52756,151.226699,yes,yes,yes,no,no,yes,no,no,no,no,no,no,no,Umina Beach,4.99, 2850000.00
244,Turn Island,82,Canada,50.3478502,-125.4666991,yes,yes,yes,no,no,no,no,no,no,no,no,no,no,Campbell River,24.92,NA
245,Jesse Island,9,Canada,49.207208,-123.94612,no,yes,yes,no,no,no,no,no,no,no,no,no,no,Nanaimo,2.83,NA
246,Palm Ridge Property,5,United Kingdom,18.422412866167,-64.620904297217,no,yes,yes,no,yes,yes,no,no,no,no,no,no,no,Saint Paul’s,136.77, 2800000.00
247,Ligpo Island,1,Philippines,13.820500845808,120.90084979021002,no,yes,yes,yes,no,yes,no,no,no,no,no,no,no,San Luis,2.59, 2800000.00
248,Vigur Island,111,Iceland,66.0554547,-22.8289032,yes,yes,yes,yes,no,yes,no,no,no,no,no,no,no,Ísafjarðarbær,8.5,NA
249,Sandpenny Island,3,United States of America,30.665104757767,-81.51038087990098,no,no,yes,yes,no,yes,no,no,yes,no,no,no,no,Fernandina Beach,2.86, 2749000.00
250,Turtle Caye,19,Belize,17.455530149932002,-88.062199501709,no,yes,no,no,yes,no,no,no,no,no,no,no,no,Belize City,9.42, 2700000.00
251,Camp Island Silver Shoals Lodge,6,Australia,-19.849812741834,147.90211986984,no,yes,yes,no,yes,yes,no,no,no,no,no,no,no,Bowen,25.13, 2655135.79
252,Cedar Island,202,United States of America,35.007010496827995,-76.333437195922,no,yes,no,no,yes,no,no,no,no,no,no,no,no,Carteret County,14.99, 2645000.00
253,Rainforest Caye,37,Belize,16.17889,-88.64083000000002,yes,yes,no,no,yes,no,no,no,no,no,no,no,no,Punta Gorda,12.51, 2600000.00
254,Crescent Island,4,United States of America,26.48836,-82.08814220000002,no,yes,yes,no,yes,yes,no,yes,no,no,no,no,no,Saint James City,0.88, 2599000.00
255,Villa Bergholmen,5,Finland,59.99483299999999,22.612667,no,yes,no,no,no,yes,no,yes,yes,no,no,no,no,Dragsfjärd,6.68, 2565818.83
256,Island of South Walton,53,United States of America,30.378444640124002,-86.115082460327,yes,yes,no,no,no,no,no,no,no,no,no,no,no,Seaside,4.27, 2500000.00
257,A Dream Come True Villa,1,United Kingdom,18.471560646027,-64.41411892396401,no,yes,yes,no,yes,yes,no,no,no,no,no,no,no,Saint Paul’s,127.22, 2500000.00
258,Isla Cui Cui,30,Chile,-40.689670006185004,-72.383070765088,yes,no,yes,no,no,yes,no,no,yes,no,no,no,no,Puyehue,11.65, 2500000.00
259,Dan May Island,72,United States of America,29.280719172381,-83.104952271164,yes,no,yes,no,no,yes,no,no,no,no,no,yes,no,Levy County,19.06, 2500000.00
260,Hog Island,600,United States of America,34.997985883531,-76.27692149292,yes,yes,no,no,yes,no,no,no,no,no,no,no,no,Carteret County,17.18, 2500000.00
261,Cayo Geraldo,25,United States of America,17.935866056483,-66.299191132324,yes,yes,yes,no,yes,yes,no,no,no,no,no,no,no,Punta Cana,145.16,NA
262,South Cocoplum Caye,6,Belize,16.874582629297,-88.121740739456,no,yes,no,no,yes,no,no,no,no,no,no,no,no,Dangriga,9.87, 2500000.00
263,Koro Levu Island,8,Fiji,-16.7666667,-179.9833333,no,yes,no,no,yes,no,no,no,no,no,no,no,no,Cakaudrove Province,40.3, 2500000.00
264,Perpall Cayes,158,Bahamas,23.466671,-75.833302,yes,yes,no,no,yes,no,no,no,no,no,no,no,no,George Town,4.52, 2500000.00
265,Tambor and Magotes Islands,15,Panama,9.638133004427802,-79.528478984131,no,yes,no,no,no,no,no,no,no,no,no,no,no,Nombre de Dios,5.64, 2500000.00
266,Morgans Caye,28,Belize,17.449959867472998,-88.070385510693,yes,yes,no,no,yes,no,no,no,no,no,no,no,no,Belize City,9.05, 2500000.00
267,Echo Island B350,16,Canada,45.196330634610995,-80.133228480951,no,no,yes,yes,no,yes,no,no,yes,yes,no,no,no,Parry Sound,11.47, 2489595.16
268,Eshpabekong Island Archipelago,17,Canada,44.934858482022,-79.960584223865,yes,no,yes,no,no,yes,no,no,yes,no,no,no,no,Midland,13.32, 2485811.58
269,Bull Island,175,Canada,49.485336943353005,-124.19614059041001,yes,yes,no,no,yes,no,no,no,no,no,no,no,no,South Pender Harbour,12.17,NA
270,Lobster Island,3,Bahamas,25.463572531511,-76.785163879395,no,yes,yes,no,no,yes,no,no,no,no,no,no,no,Spanish Wells,5.92,NA
271,Sands Island,7,United States of America,30.41849,-81.515264,no,no,yes,no,no,yes,no,no,no,no,no,yes,no,Atlantic Beach,9.06, 2300000.00
272,Low Cay,25,Bahamas,23.93885,-74.481318,no,yes,no,no,yes,no,no,no,no,no,no,no,no,Clarence Town,66.11, 2300000.00
273,Bircholm on Deer Island,50,United States of America,44.264732878337,-74.332858135999,yes,no,no,no,no,yes,no,no,yes,no,no,no,yes,Tupper Lake,7.08, 2250000.00
274,Lakefront Cottages and Golf Course Retreat,40,Canada,45.7179106,-80.048324,yes,no,yes,no,no,yes,no,no,yes,no,no,no,no,Parry Sound District,10.62, 2250000.00
275,Bullocks Harbour Cay,224,Bahamas,25.774739290816,-77.879021238037,yes,yes,yes,no,no,no,yes,no,no,no,no,no,no,San Andros,50.07, 2240000.00
276,White's Island,143,United States of America,45.182037,-67.692089,yes,no,no,no,no,no,no,no,yes,no,no,no,yes,Washington County,15.24,NA
277,Frying Pan Island,7,Canada,45.165383191976005,-80.13133978302,no,no,yes,yes,no,yes,no,no,yes,yes,no,no,no,Parry Sound,13.41, 2156640.18
278,Goat Island,12,Canada,48.850546409134,-123.47975437157,no,yes,no,no,yes,no,no,no,no,no,no,no,no,Ganges,0.96, 2156640.18
279,Hewson and Ardwell Islands,16,Canada,45.172214368224,-80.115378752856,no,no,yes,no,no,yes,no,no,yes,no,no,no,no,Parry Sound,12.71, 2156640.18
280,Monroe Island,160,Philippines,18.195306428277,120.52634155397,yes,no,no,no,no,no,no,no,no,no,no,yes,no,Laoag,4.56, 2100000.00
281,Vernon Island,22,Antigua,17.114604560019,-61.769406492065,no,yes,yes,no,no,no,no,no,no,no,no,no,no,Piggotts,2.03, 2100000.00
282,Malvanua Island,26,Vanuatu,-15.360639417699002,167.19412740583,yes,yes,yes,no,yes,yes,no,no,no,no,no,no,no,Luganville,11.2, 2048247.61
283,Moffat Island,2,Canada,45.537104320001,-80.434898005127,no,no,yes,yes,no,yes,no,no,yes,yes,no,no,no,Parry Sound,23.39,NA
284,Drowned Caye,95,Belize,17.470201179933,-88.079275512695,yes,yes,no,no,no,no,no,no,no,no,no,no,no,Belize City,8.05, 2000000.00
285,Pilotin Island,335,Vanuatu,-15.286529643393,167.21586949521003,yes,yes,no,no,yes,no,no,no,no,no,no,no,no,Luganville,16.51, 2000000.00
286,Lagoon Caye,14,Belize,16.631804346907,-88.208287122583,no,yes,no,no,no,no,no,no,no,no,no,no,no,Placencia,13.26, 2000000.00
287,Little Horse Island,8,United States of America,32.398244,-80.488175,no,yes,yes,yes,no,yes,no,no,no,no,no,no,no,Beaufort,10.84,NA
288,San Miguel Archipelago,163,Panama,8.3893417452823,-78.189593253968,yes,yes,no,no,yes,no,no,no,no,no,no,no,no,La Palma,3.6, 2000000.00
289,Les Isle Mouk Mouk,175,Canada,48.454708713091,-79.266014100586,yes,no,no,no,no,no,no,no,yes,no,no,no,no,Rouyn-Noranda,18.75, 2000000.00
290,Platanal Island,6,Panama,8.4447581,-79.00728829999998,no,yes,no,no,yes,no,no,no,no,no,no,no,no,Distrito de Balboa,1.59,NA
291,Florida Keys Island,15,United States of America,24.749442855805,-80.971813227539,no,yes,no,no,no,no,no,no,no,no,no,no,no,Marathon,7.84, 2000000.00
292,Big Bullard Cay,97,Bahamas,23.486761,-75.8111127,yes,yes,no,no,yes,no,no,no,no,no,no,no,no,George Town,2.56, 2000000.00
293,Round Island Lighthouse,7,United States of America,46.109094466592,-84.021276478302,no,no,yes,no,no,yes,no,no,no,no,no,yes,no,Thessalon,23.83, 1995000.00
294,Tilagica Island,53,Fiji,-16.188257373968998,179.77831222596,yes,yes,yes,no,yes,yes,no,no,no,no,no,no,no,Labasa,32.24, 1975000.00
295,Bracilette Caye Parcel,48,Belize,18.050235,-87.943025,yes,yes,no,no,yes,no,no,no,no,no,no,no,no,San Pedro,9.4, 1950000.00
296,Davuilau Island,54,Fiji,-16.980218292493,177.32736251393,yes,yes,no,no,yes,no,no,no,no,no,no,no,no,Ba,44.6, 1900000.00
297,Water Foot Caye,3,Belize,16.984224399346,-88.09775660084603,no,yes,yes,no,no,yes,no,no,no,no,no,no,no,Dangriga,9.0, 1900000.00
298,Big Strand Island,45,United States of America,48.06686273230601,-92.960222389502,yes,no,yes,no,no,no,no,no,yes,no,no,no,no,Rainy River District,36.63, 1900000.00
299,Black Island,17,United States of America,31.363210625673,-81.406552313153,yes,yes,yes,no,no,yes,no,no,no,no,no,no,no,Darien,1.69, 1900000.00
300,Veterans Key,29,United States of America,24.851059647826,-80.744480801189,yes,yes,no,no,no,no,no,no,no,no,no,no,no,Islamorada,8.89, 1900000.00
301,Lamb Island,1,Canada,49.54908770780501,-123.76579320184999,no,yes,yes,no,no,yes,no,no,no,no,no,no,no,Sechelt,5.12, 1891032.92
302,Cistern Cay,82,Bahamas,25.7763624,-77.886746,yes,yes,yes,no,no,no,no,no,no,no,no,no,no,San Andros,50.08, 1865000.00
303,Isla Gallina,22,Panama,8.4541912630456,-78.93070394140601,yes,yes,no,no,yes,no,no,no,no,no,no,no,no,San Miguel,0.46, 1850000.00
304,Blanchette Island,5,Canada,45.203605586962006,-80.135561594165,no,no,yes,no,no,yes,no,no,yes,no,no,no,no,Parry Sound,11.06,NA
305,Mclean Island,1200,United States of America,36.262942428875,-89.53071572485399,yes,no,no,no,no,no,no,no,no,no,no,yes,no,Ridgely,2.39,NA
306,40-Acre Private Island Near Placencia,40,Belize,16.426285671782,-88.429665816052,yes,yes,no,no,no,no,no,no,no,no,no,no,no,Placencia,7.38, 1800000.00
307,Ilha de Sao Joao,5,Brazil,-23.053526241279997,-44.333589076996,no,yes,no,no,no,yes,no,yes,no,no,no,no,no,Angra dos Reis,3.38, 1800000.00
308,Abacos Islands Home,3,Bahamas,26.548263254370003,-77.024316425629,no,no,yes,no,yes,yes,no,yes,no,no,no,no,no,Marsh Harbour,2.48, 1800000.00
309,Lobreau Island,3,Canada,44.749797095913,-78.206546871814,no,no,no,no,no,no,no,no,no,no,no,no,no,Lakefield,22.06, 1789632.99
310,Manatee Caye,5,Belize,17.4535302,-88.065339,no,yes,no,no,no,no,no,no,no,no,no,no,no,Belize City,9.28, 1750000.00
311,Sturdivant Island,3,United States of America,43.74147,-70.181437,no,yes,yes,no,no,yes,no,no,no,yes,no,no,no,Falmouth Foreside,1.4, 1750000.00
312,Comfort Island,2,United States of America,44.325168154802,-75.936228984131,no,no,yes,no,no,yes,no,no,no,no,yes,yes,no,Alexandria Bay,1.18,NA
313,Pimlico Island,55,Bahamas,25.348361242617997,-76.85772906499001,yes,yes,no,no,no,no,no,no,no,no,no,no,no,Spanish Wells,14.93, 1695000.00
314,West Ballenas Island,100,Canada,49.3463433,-124.1578126,yes,yes,no,no,no,no,no,no,no,no,no,no,no,Fairwinds,5.05, 1683692.77
315,Ustica Island Property,7,Italy,38.7031179,13.1682675,no,yes,yes,no,no,yes,no,no,no,no,no,no,no,Ustica,1.41, 1673360.11
316,Bijela Island,8,Croatia,44.86444457105699,14.761233520508,no,yes,no,no,no,no,no,no,no,no,yes,no,no,Lopar,2.68,NA
317,265 Acre Private Island,3,Belize,16.489544008857994,-88.39318777345,no,yes,no,no,no,no,no,no,no,no,no,no,no,Placencia,2.46, 1650000.00
318,Isla Lacao,206,Chile,-41.80833300000001,-73.618889,yes,yes,no,no,yes,no,no,no,no,no,no,no,no,Ancud,11.03, 1600000.00
319,Tinabian Island,99,Philippines,12.935941730154,121.70809903125,yes,yes,no,no,yes,no,no,no,no,no,no,no,no,Tambong,15.17, 1600000.00
320,Paces Mill Island,45,United States of America,35.806885,-79.180849,yes,no,no,no,no,no,no,no,no,no,no,yes,no,Fearrington Village,5.08, 1600000.00
321,Harris Island,1,United States of America,57.03529399999999,-135.277586,no,yes,yes,no,no,yes,no,no,no,no,no,no,no,Sitka,2.35, 1600000.00
322,Castaway Island,2,Vanuatu,-15.613184137641001,167.14538207473,no,yes,yes,no,yes,yes,no,no,no,no,no,no,no,Luganville,6.54,NA
323,Double Bay Islands,1,Honduras,16.093263342026,-86.932478049219,no,yes,yes,no,yes,yes,no,no,no,no,no,no,no,Utila,0.5, 1590000.00
324,Carmichael Island,13,Canada,49.7,-94.504,no,no,no,no,no,no,no,no,yes,yes,no,no,no,Kenora,4.7, 1589103.29
325,Delhaven Island,16,Canada,45.22088820000001,-80.1953245,no,no,no,no,no,no,no,no,yes,no,no,no,no,Parry Sound,11.7, 1588346.58
326,Quoin Island,12,Australia,-23.812112657318,151.28632915344,no,yes,no,no,yes,no,no,no,no,no,no,no,no,Barney Point,2.8, 1517220.45
327,Go Home Bay,4,Canada,44.984704690583,-79.943111293054,no,no,yes,no,no,yes,no,no,yes,no,no,no,no,Midland,16.48, 1512674.99
328,Halibut Island,10,Canada,48.6203309,-123.27305590000002,no,yes,no,no,no,no,no,no,no,no,no,no,no,North Saanich,7.4, 1509648.13
329,Anchor Island,2,Canada,45.4908086,-80.42047729999999,no,no,yes,no,no,yes,no,no,yes,yes,no,no,no,Parry Sound,21.15,NA
330,Goffatt Island,11,Canada,44.574274,-79.357046,no,no,no,no,no,no,no,no,no,no,no,no,no,Orillia,3.93, 1504351.12
331,Ninth Island,40,Australia,-40.8341575,147.270239,yes,yes,no,no,no,no,no,no,no,no,no,no,no,Bridport,13.13, 1502048.25
332,Great Diamond Island-30 West Shore Drive,1,United States of America,43.67531756836701,-70.20342490957,no,yes,yes,yes,no,yes,no,no,no,yes,no,no,no,South Portland,3.0,NA
333,"Hawks Nest Cay, Cat Island",42,Bahamas,24.142641977904,-75.52117790646999,yes,yes,no,no,yes,no,no,no,no,no,no,no,yes,Arthur’s Town,34.47, 1500000.00
334,La Sistina,1730,Argentina,-36.971106094021,-62.445041784351,yes,no,yes,no,no,yes,no,no,yes,no,no,no,yes,Guaminí,3.29, 1500000.00
335,Prevost Island Lots,10,Canada,48.831924503132,-123.39888696523,no,yes,yes,no,no,yes,no,no,no,no,no,no,no,Salt Spring Island,4.27, 1500000.00
336,Pedro Island,3,Belize,18.103482227499,-87.970378023804,no,yes,no,no,yes,no,no,no,no,no,no,no,no,San Pedro,12.96, 1500000.00
337,Exclusive Resort on Lake of the Woods,2,Canada,49.0609997,-94.847543,no,no,yes,no,no,yes,no,no,yes,no,no,no,no,Lake of the Woods County,20.24, 1500000.00
338,Legacy Island,14,United States of America,26.743524100000005,-81.492707523804,no,no,yes,no,no,yes,no,no,no,no,yes,yes,no,LaBelle,3.58, 1500000.00
339,Jewfish Key,1,United States of America,27.442697244986,-82.679287457672,no,yes,yes,no,yes,yes,no,no,no,no,no,no,no,Cortez,1.88, 1500000.00
340,Petit Gauke and Little Petit Gauke Islands,37,United States of America,31.911835217990003,-81.113937275391,yes,no,no,no,no,no,no,no,no,no,yes,yes,no,Montgomery,2.04,NA
341,Morgan's Island,59,United States of America,32.542884769518,-80.72134071118201,yes,no,no,no,no,no,no,no,no,no,no,yes,no,Burton,7.4,NA
342,Green Paradise Island,32,Philippines,10.2418,119.327,yes,yes,no,no,yes,no,no,no,no,no,no,no,no,Roxas,5.64, 1500000.00
343,Squaw Island,69,United States of America,45.837138660973,-85.588043247266,yes,no,no,no,yes,no,no,no,yes,no,no,no,no,Schoolcraft County,31.67,NA
344,North Breeze Island,12,United States of America,32.53102665029,-80.724902636462,no,no,no,no,no,no,no,no,no,no,no,yes,yes,Burton,6.58,NA
345,Nsonga Island,149,Uganda,-0.021633096094549,32.348887884008,yes,no,yes,no,yes,no,no,no,yes,no,no,no,no,Entebbe,10.51, 1500000.00
346,Pretty Joe Rock,0,United States of America,24.718506098141,-81.08540255588899,no,no,yes,no,no,no,no,no,no,no,no,no,no,Marathon,0.45,NA
347,Deer Island,90,United States of America,29.235797,-83.079014,yes,yes,no,no,yes,no,no,no,no,no,no,no,no,Levy County,17.8, 1499999.00
348,Maude Island,1,United States of America,57.034086979986,-135.32443173408998,no,yes,yes,yes,no,yes,no,no,no,no,no,no,no,Sitka,1.34,NA
349,Casco Bay Island,41,United States of America,44.95568529999999,-66.9318625,yes,yes,yes,no,no,yes,no,no,no,yes,no,no,no,Eastport,4.45,NA
350,xCasco Bay Islandx,41,Canada,44.955627,-66.931286,no,yes,yes,no,yes,yes,no,no,no,yes,no,no,yes,Eastport,4.46,NA
351,Eagle Island,6,United States of America,47.893065494961995,-92.421407850601,no,no,yes,no,no,yes,no,no,yes,no,no,no,no,Saint Louis County,21.03, 1495000.00
352,Dunsmuir Island,5,Canada,48.992209278232004,-123.79240036011002,no,yes,yes,no,no,no,no,no,no,no,no,no,no,Ladysmith,1.12, 1490000.00
353,Zopango Island,2,Nicaragua,11.884424943680001,-85.901628746033,no,no,no,no,no,yes,no,yes,yes,no,no,no,no,Granada,4.84, 1490000.00
354,Richardson Island,10,Canada,46.14529870000001,-79.57408670000002,no,no,yes,no,no,yes,no,no,yes,yes,no,no,no,North Bay,12.92, 1475595.91
355,Archipelago Resorts,1,Philippines,12.062152,119.877113,yes,yes,no,no,yes,no,no,no,no,no,no,no,no,Panlaitan,4.38, 1450000.00
356,Oulton's Island,211,Canada,46.7884613,-64.045517,yes,yes,no,no,no,no,no,no,no,no,no,no,no,Alberton,2.18, 1450000.00
357,Navy's Acre Island,2,Canada,45.22601468298601,-80.189060662537,no,no,yes,yes,no,yes,no,no,yes,yes,no,no,no,Parry Sound,11.23, 1437760.12
358,Douglas Island,4,United States of America,44.50982,-73.86065500000002,no,no,yes,no,no,yes,no,no,yes,no,no,no,no,Dannemora,16.1,NA
359,Kokomo Property,3,United Kingdom,18.46314011575,-64.536451659277,no,yes,yes,no,yes,yes,no,no,no,no,no,no,no,Saint Paul’s,133.55, 1400000.00
360,"Blue Island, Nova Scotia",188,Canada,43.68193257376601,-65.176161365112,yes,yes,yes,no,yes,no,no,no,no,no,no,no,yes,Shelburne,9.26,NA
361,Invernairn on Mowat Island,25,Canada,45.365461529733,-80.139771448071,no,no,yes,yes,no,yes,no,no,yes,yes,yes,no,no,Parry Sound,5.23, 1399924.33
362,Watch Island,1,United States of America,44.250363142674,-76.153804305557,no,no,yes,no,no,yes,no,no,no,no,no,yes,no,Clayton,3.45, 1399000.00
363,Belle Island,2,United States of America,44.3408833,-75.927453,no,no,yes,no,no,yes,no,no,no,no,no,yes,no,Alexandria Bay,0.59,NA
364,"Sheep Island, British Columbia",8,Canada,48.67587284845701,-123.32820262123998,no,yes,yes,no,no,yes,no,no,no,no,no,no,no,North Saanich,4.21,NA
365,Half Crown Island,4,Canada,46.084811,-75.84819300000002,no,no,yes,no,no,yes,no,no,yes,no,yes,no,no,Saint-Raphaël,13.96, 1362088.54
366,Cayo Theana,7,Belize,16.515966717549,-88.379454772583,no,yes,no,no,no,no,no,no,no,no,no,no,no,Placencia,0.87, 1350000.00
367,Ilha do Magalhaes,1,Brazil,-27.406452605391003,-48.558183597553,no,yes,yes,no,no,yes,no,no,no,no,no,no,no,Governador Celso Ramos,2.7, 1350000.00
368,Third Cay,4,Bahamas,25.502743932266,-76.633879438623,no,yes,no,no,yes,no,no,no,no,no,no,no,no,Dunmore Town,0.16, 1350000.00
369,xAngel Islandx,11,United States of America,46.299860319006996,-86.7694623023,no,no,yes,no,no,yes,no,no,yes,no,no,no,no,Munising,9.59, 1350000.00
370,Ile Parisienne,114,Canada,46.653494,-84.712948,yes,no,no,no,no,no,no,no,yes,yes,no,no,no,Sault Ste. Marie,20.36, 1300000.00
371,Savage Isle,8,United States of America,32.1821495,-80.8653872,no,no,no,no,no,no,no,no,no,no,no,yes,no,Bluffton,3.81,NA
372,Ilha de Itaoquinha,2,Brazil,-22.773888352059004,-43.073350764865,no,yes,yes,no,no,yes,no,no,no,no,no,no,no,São Gonçalo,3.87, 1300000.00
373,Zuna Island,1,Australia,-10.7196645,142.2921816,no,yes,yes,no,yes,no,no,no,no,no,no,no,no,Thursday Island,10.68, 1300000.00
374,Rosewood Caye,25,Belize,18.048256,-87.947745,yes,yes,no,no,no,no,no,no,no,no,no,no,no,San Pedro,9.22,NA
375,xEagle Islandx,7,United States of America,45.833068,-88.033817,no,no,no,no,no,no,no,no,yes,no,no,no,no,Iron Mountain,1.78,NA
376,Rose Island,21,United States of America,46.142301399870995,-89.08527101930002,yes,no,yes,no,no,yes,no,no,yes,no,no,no,no,Eagle River,17.32,NA
377,Huckleberry Island Property,3,Canada,44.301361668793,-76.151198345894,no,no,yes,no,yes,yes,no,no,yes,no,no,no,no,Gananoque,2.33, 1290000.00
378,South Octopus Island,50,Canada,50.273704262594,-125.22330309463,yes,yes,no,no,no,no,no,no,no,no,no,no,no,Campbell River,17.81,NA
379,Isle of Rest,1,Canada,45.2277324,-80.1915862,no,no,yes,yes,no,yes,no,no,yes,yes,no,no,no,Parry Sound,11.23, 1282633.37
380,Arthur Island,4,Canada,44.9309025,-79.8864,no,no,yes,yes,no,yes,no,no,yes,yes,no,no,no,Midland,12.49, 1267499.05
381,Royal Sunset Island Resort,9,Tonga,-21.056082,-175.2575066,yes,yes,yes,no,yes,yes,no,no,no,no,no,no,no,Nuku‘alofa,6.78, 1265000.00
382,Camanga Island,75,Philippines,12.298514891194,120.26161098280001,yes,yes,no,no,yes,no,no,no,no,no,no,no,no,Coron,21.08, 1257267.47
383,Dolphin Jump Key,1,United States of America,24.740585819882003,-81.034797722212,no,yes,no,no,no,no,no,no,no,no,no,no,yes,Marathon,3.95,NA
384,Long Point Island,56,United States of America,36.399231177841,-75.95590125501799,yes,yes,no,no,yes,no,no,no,no,no,no,no,no,Currituck County,2.45, 1250000.00
385,Ile de Paon,6,United States of America,32.424975472531,-80.59638792596401,no,no,no,no,no,no,no,no,no,no,no,yes,yes,Beaufort,4.31,NA
386,Saints Bay Island,6,Brazil,-12.831019634433,-38.83541978623,no,yes,yes,no,yes,yes,no,no,no,no,no,no,no,Salinas da Margarida,6.41, 1240310.08
387,Palette Island,5,Canada,48.5367893,-88.9013806,no,no,yes,yes,no,yes,no,no,yes,no,no,no,no,Thunder Bay,19.23, 1210745.37
388,McLaren Island,2,Canada,45.276379806297996,-80.094785678821,no,no,yes,no,no,yes,no,no,yes,no,no,no,no,Parry Sound,5.69, 1210745.37
389,Ireson Island Lodge,43,Canada,46.091203,-81.78825,yes,no,no,no,no,yes,no,no,yes,no,yes,no,no,Little Current,10.13, 1210745.37
390,Julia Island,7,Canada,48.8751645,-123.3965906,no,yes,yes,no,no,no,no,no,no,no,no,no,no,Ganges,4.95,NA
391,Trophy Island,19,United States of America,59.469152568793,-154.58169651855,no,no,yes,no,no,yes,no,no,yes,yes,no,no,no,Anchor Point,98.41, 1200000.00
392,Kangaroo Island,410,Australia,-25.430446547811,152.88147001222,yes,yes,no,no,yes,no,no,no,no,no,no,no,no,River Heads,2.23,NA
393,Hatobanari Island,2,Japan,24.4188889,123.8211111,no,yes,no,no,yes,no,no,no,no,no,no,no,no,Ishigaki,21.76, 1200000.00
394,Fish Bladder Island,12,United States of America,44.6719893,-73.2531858,no,no,yes,no,yes,yes,no,no,yes,no,no,no,no,Milton,7.36,NA
395,Casa Brisa by the Sea,3,Belize,17.955282999999994,-87.982754,no,yes,yes,no,yes,yes,no,no,no,no,no,no,no,San Pedro,2.93,NA
396,Punta Entrada,15,Panama,8.0751695249186,-81.736538936279,no,yes,no,no,yes,no,no,no,no,no,no,no,no,Distrito de Tolé,9.51, 1200000.00
397,Isla Tortuga,309,Chile,-40.702163464535,-73.802088015625,yes,yes,no,no,yes,no,no,no,no,no,no,no,no,Osorno,36.16, 1200000.00
398,Manchee Island,5,Canada,45.1706694,-80.100059,no,no,yes,no,no,yes,yes,no,yes,yes,no,no,no,Parry Sound,12.61, 1195611.05
399,Katinka Island,5,United States of America,46.208000300771,-89.78754569469,no,no,yes,no,no,yes,no,no,yes,no,no,no,no,Vilas County,16.9, 1195000.00
400,Trstenik Island,4,Croatia,42.914005109239,16.675436569824,no,yes,yes,no,no,no,no,no,no,no,yes,no,no,Vela Luka,4.16, 1171352.07
401,Island C-935,5,Canada,45.347625206832,-80.2892995,no,no,yes,yes,no,yes,no,no,yes,yes,no,no,no,Parry Sound,12.34,NA
402,Crown Island,18,Canada,45.06895220000001,-79.5231132,no,no,yes,yes,no,yes,no,no,yes,yes,no,no,no,Bracebridge,10.39,NA
403,Yacht Club Island,2,Canada,49.742582393833,-94.51807510185199,no,no,yes,no,no,yes,no,no,yes,yes,no,no,no,Kenora,2.13, 1131290.20
404,The Pines Island,28,Canada,45.232963,-80.1845614,no,no,no,no,no,no,no,no,yes,yes,no,no,no,Parry Sound,10.73, 1131290.20
405,Whipperwill North Island,4,Canada,45.337179425998,-80.293198745972,no,no,yes,no,no,yes,no,no,yes,yes,no,no,no,Parry Sound,12.55, 1131290.20
406,Twin Pines on Mowat Island,12,Canada,45.365401226592,-80.14895533173801,no,no,yes,no,no,yes,no,no,yes,yes,yes,no,yes,Parry Sound,5.66, 1119939.46
407,Island of Sirens,1,Italy,37.858355221154,15.300878364418,no,yes,no,no,no,no,no,no,no,no,no,no,no,Taormina,0.75,NA
408,Sumba Island Properties,5,Indonesia,-9.7699747467317,119.36698717401,yes,yes,no,no,yes,no,no,no,no,no,no,no,no,Kabupaten Sumba Barat,15.14,NA
409,Surf Beach Property,4,Indonesia,-9.6993439,119.9740534,no,yes,no,no,yes,no,no,no,no,no,no,no,no,Waingapu,19.97,NA
410,Goring Bogue Caye,6,Belize,17.422141261106994,-88.069838432983,no,yes,no,no,yes,no,no,no,no,no,no,no,no,Belize City,9.97, 1100000.00
411,White Cloud Island,36,Canada,44.8369732,-80.9741642,yes,no,no,no,yes,no,no,no,yes,no,no,no,no,Owen Sound,18.7, 1100000.00
412,Jewfish Key Beachfront Lot,1,United States of America,27.443838324341,-82.680768176599,no,yes,no,no,yes,no,no,no,no,no,no,no,no,Cortez,1.78, 1100000.00
413,Ilha de Pioca,215,Brazil,-12.636634159818001,-38.704906015869,yes,yes,no,no,no,no,no,no,no,no,no,no,no,São Francisco do Conde,4.86, 1100000.00
414,Everglades Escape,80,United States of America,25.913041694776002,-80.818531846558,yes,no,yes,no,no,yes,no,no,no,no,no,no,no,Monroe County,25.33, 1100000.00
415,Jelina Island,7,Canada,49.513933095533,-124.30686217854,no,yes,no,no,no,no,no,no,no,no,no,no,no,French Creek,12.13, 1097237.99
416,Prince Cay,9,Bahamas,26.951557116055003,-77.60854041543,no,yes,yes,no,yes,no,no,no,no,no,no,no,no,Cooper’s Town,8.16,NA
417,Davis Island,10,Canada,45.28811694332301,-80.278564462891,no,no,no,yes,no,no,no,no,yes,yes,no,no,no,Parry Sound,12.51, 1059402.19
418,The Tryon Islands,6,Canada,45.0737604,-80.0796331,no,no,yes,no,no,yes,no,no,yes,yes,no,no,no,Parry Sound,19.02,NA
419,Lily Island,8,Canada,49.15634402842,-123.69874060831002,no,yes,no,no,no,no,no,no,no,no,no,no,no,Cedar,7.49, 1055618.62
420,Isla Milagrosa,12,Philippines,8.6487888254014,123.49008915063,no,yes,yes,no,no,no,no,no,no,no,no,no,no,Sibutao,3.96, 1033484.91
421,Kanadeio Island,1,Canada,45.541124442523,-80.478814337997,no,no,yes,no,no,yes,no,no,yes,yes,no,no,no,Parry Sound,25.33,NA
422,Phuket Island Villas,0,Thailand,7.999147902633599,98.34481158242201,no,no,yes,no,no,no,no,no,no,no,no,no,no,Amphoe Thalang,2.52,NA
423,Lower Harbour Cay,5,Bahamas,25.083136677834002,-77.201706503552,no,yes,yes,no,no,no,no,no,no,no,no,no,no,Nassau,9.01,NA
424,3-acre Parcel on Long Island,3,Bahamas,23.467654,-75.223302958167,no,yes,no,no,yes,no,yes,no,no,no,yes,no,no,Clarence Town,29.62, 1000000.00
425,Chatuge Island,4,United States of America,34.967576084666,-83.750873426056,no,no,no,yes,no,no,no,no,yes,no,no,no,no,Towns County,3.6, 1000000.00
426,Tavewa Island Property,5,Fiji,-16.926284699999997,177.35997949999995,no,yes,no,no,yes,no,no,no,no,no,no,no,no,Ba,46.85,NA
427,Yellow Rock Island,330,Australia,-30.481336758249,153.02589741948,yes,yes,no,no,yes,no,yes,no,no,no,no,no,no,Urunga,1.29, 1000000.00
428,Johnston Island,12,United States of America,44.024194774282996,-69.390963693579,no,yes,yes,no,yes,yes,no,no,no,no,yes,no,yes,Friendship,3.98,NA
429,Hõra Island,60,Estonia,58.900430263608,23.064079284668,yes,yes,no,no,no,no,no,no,no,no,yes,no,no,Kärdla,13.08, 999000.00
430,Heather Island,157,United States of America,27.0500703,-81.9874,no,no,no,no,no,no,no,no,no,no,no,no,no,Harbour Heights,4.19, 999000.00
431,Clark Island,176,United States of America,29.239357309115,-83.055634328003,yes,no,no,no,no,no,no,no,no,no,no,yes,no,Levy County,16.37, 997500.00
432,Major Island,412,Canada,46.446519096317,-75.53718957128899,yes,no,no,no,no,no,no,no,yes,no,no,no,yes,Mont-Laurier,7.38, 996235.00
433,Blue Hole Cay,12,Bahamas,24.205637077584,-77.609825134277,no,yes,yes,no,yes,no,no,no,no,no,no,no,no,Andros Town,35.93, 995000.00
434,Treetop Island,4,United States of America,42.378175537238995,-88.189944082803,no,no,yes,yes,no,yes,no,no,yes,no,no,no,no,Fox Lake,1.32, 995000.00
435,Fort Montgomery Island,94,United States of America,45.006261,-73.34961899999998,yes,no,no,no,no,no,no,no,yes,no,yes,no,no,Rouses Point,1.13, 995000.00
436,Quiet Cove Key,0,United States of America,24.738329914275997,-81.01329596693401,no,no,yes,no,no,no,no,no,no,no,no,no,no,Marathon,5.13,NA
437,Coco Plum Cay,5,Honduras,16.422238403904,-86.190936080518,no,yes,yes,no,yes,no,no,no,no,no,no,no,no,José Santos Guardiola,7.65, 990000.00
438,Golfo Dulce Island Property,32,Costa Rica,8.5954379818793,-83.17390429339599,yes,yes,yes,no,yes,yes,no,no,no,no,no,no,no,Golfito,3.7, 980000.00
439,Fane Island,2,Canada,48.80727150000001,-123.269226,no,yes,yes,no,no,no,no,no,no,no,no,no,no,Salt Spring Island,10.1,NA
440,Luella Island,1,Canada,45.094632891836994,-79.513283081476,no,no,yes,yes,no,yes,no,no,yes,yes,no,no,no,Bracebridge,10.5, 979947.03
441,Humphrey Island,17,United States of America,45.271943088414,-94.02734762485399,yes,no,no,no,no,no,no,no,yes,no,no,no,no,Maple Lake,3.21, 975000.00
442,Little Ironsides Island,1,United States of America,44.396643,-75.84586,no,no,yes,no,no,yes,no,no,no,no,no,yes,no,Alexandria Bay,5.5,NA
443,Carlotta Island,14,Canada,45.138622414478,-80.067633758197,no,no,yes,no,no,yes,no,no,yes,yes,no,no,no,Parry Sound,14.51,NA
444,Basin Island,26,United States of America,44.871577447949,-87.517389272491,no,no,no,no,no,no,no,no,no,no,no,no,no,Sturgeon Bay,7.34, 950000.00
445,5003 THOMPSON LANE SE,4,United States of America,47.0021259,-122.72006,no,no,yes,no,no,yes,no,no,yes,no,no,no,no,Tanglewilde-Thompson Place,4.43, 950000.00
446,Yauchler Island,5,United States of America,42.828613,-74.124566,no,no,yes,no,no,yes,no,no,yes,no,no,no,no,Schenectady County,3.42, 949900.00
447,Marakorako Island,8,France,-14.4028975,-145.958135,no,yes,yes,no,yes,yes,no,no,no,no,no,no,no,Avarua,1022.54, 949684.00
448,Hanhisaari Island,21,Finland,62.3034965,28.3219673,yes,no,no,no,no,no,no,no,yes,no,no,no,no,Kangaslampi,2.28, 948237.39
449,Jumbo Island,12,Canada,45.1584299,-80.1357846,no,no,yes,no,no,yes,no,no,yes,no,no,no,no,Parry Sound,13.94, 945894.82
450,Shore Island,30,Ireland,52.6927778,-9.055833300000002,yes,yes,no,no,no,no,no,no,no,no,no,no,no,Askeaton,7.26, 920348.06
451,MacLean Island,16,Canada,45.329802095252,-80.221056832788,no,no,yes,no,no,yes,no,no,yes,no,no,no,no,Parry Sound,9.1, 908059.02
452,Guilihan Island,3,Philippines,9.719752,126.074347,no,yes,yes,no,yes,no,no,no,no,no,no,no,no,Dapa,3.1, 900000.00
453,"Blackbook Listing
(2132)",0,Nicaragua,11.915325297967,-85.905318260193,no,no,yes,yes,no,yes,no,no,yes,no,no,no,no,Granada,3.57,NA
454,Tsuga Island,17,United States of America,44.887880828666,-69.26748524501299,no,no,yes,no,no,yes,no,no,yes,no,no,no,no,Corinna,2.32, 899000.00
455,Bells Island,62,United States of America,34.732495604957,-76.50145020104999,yes,yes,no,no,yes,no,no,no,no,no,no,no,no,Harkers Island,4.18, 895000.00
456,Île Québec,64,Canada,46.382059088512,-75.11697979895,no,no,no,no,no,no,no,no,yes,no,no,no,no,Rivière-Rouge,12.2, 895000.00
457,Dutra's Island,4,United States of America,38.030367290976,-121.5806391749,no,no,no,no,no,no,no,no,no,no,no,no,no,Bethel Island,3.43, 895000.00
458,West Calf Island,62,Ireland,51.474428718687,-9.5181083679199,yes,yes,yes,no,no,no,no,no,no,no,yes,no,no,Skibbereen,12.01,NA
459,"Deep Water Cay, Grand Bahama",91,Bahamas,26.630939548199,-77.921202798981,yes,yes,yes,no,yes,yes,yes,no,no,no,no,no,no,High Rock,22.13, 885000.00
460,Indigo Point,4,United Kingdom,18.457603957689,-64.537910780982,no,yes,no,no,yes,no,no,no,no,no,no,no,no,Saint Paul’s,133.42, 875000.00
461,Bareneck Island,15,United States of America,43.884565966581,-69.738103797607,no,no,yes,no,no,yes,no,no,yes,no,no,yes,no,Woolwich,3.93, 875000.00
462,Brown Island,48,United States of America,45.2861258,-83.4799804,yes,no,yes,no,no,yes,no,no,yes,no,no,no,no,Alpena County,15.41, 874900.00
463,Amazon Resort Island,27,Brazil,-3.5941667,-60.026944444399994,no,no,no,no,no,yes,no,no,yes,yes,yes,no,no,Iranduba,24.03, 850000.00
464,Big Trout Island,30,United States of America,46.055722,-83.853021,yes,no,yes,no,no,yes,no,no,yes,no,no,no,no,Thessalon,19.19,NA
465,Molono Island,4,Vanuatu,-15.379312774165001,167.19659552936,no,no,yes,no,yes,yes,no,no,yes,no,no,no,no,Luganville,9.98, 825000.00
466,Soldier Caye,5,Belize,17.324795503682,-87.788872642853,no,yes,no,no,yes,no,yes,no,no,no,no,no,no,Belize City,29.52, 800000.00
467,Arrow Head Caye,4,Belize,17.476612563636,-88.07131901235901,no,yes,no,no,no,no,no,no,no,no,no,no,no,Belize City,8.47, 800000.00
468,Green Bay Island,15,Philippines,10.257558705102,119.36837046627,no,yes,yes,no,yes,no,no,no,no,no,no,no,no,Roxas,4.69, 800000.00
469,Mouse Island,0,United States of America,41.315669590206,-71.991948846835,no,no,yes,no,no,yes,no,no,no,no,no,no,no,Noank,0.85,NA
470,11907 Ocklawaha Drive,12,United States of America,28.852008357708996,-81.758651344566,no,no,yes,no,no,yes,no,no,yes,no,no,no,no,Silver Lake,2.5,NA
471,Bonefish Cay,6,Bahamas,24.314932631698,-77.824013893542,no,yes,no,no,yes,no,no,no,no,no,no,no,no,Andros Town,27.17, 795000.00
472,Nanuku Levu Island,11,Fiji,-16.718845077294,-179.45377655029,no,yes,yes,no,yes,no,no,no,no,no,no,no,no,Cakaudrove Province,74.84,NA
473,Ermyn Island,11,Canada,45.202555467843,-80.139403875147,no,no,yes,yes,no,yes,no,no,yes,yes,no,no,no,Parry Sound,11.21,NA
474,Second Sister Island,3,Canada,48.8376344,-123.4540569,no,yes,yes,no,no,no,no,no,no,no,no,no,no,Salt Spring Island,2.12,NA
475,Santa Lucia,100,Nicaragua,10.943003057792001,-83.710919960669,no,yes,no,no,no,no,no,no,no,no,no,no,no,Pococí,31.06,NA
476,Horse Island (Massachusetts),3,United States of America,42.2384343,-70.774486,no,no,no,no,no,no,no,no,no,no,no,yes,no,North Scituate,1.46, 750000.00
477,Lime Cay,10,Nicaragua,12.438022,-83.43251500000002,no,yes,no,no,yes,no,no,no,no,no,no,no,no,Laguna de Perlas,17.4,NA
478,Namaste Island,8,United States of America,44.691832237258,-85.710048185181,no,no,yes,no,no,yes,no,no,yes,no,no,no,no,Traverse City,6.59, 749000.00
479,Namakan Lake Island,2,Canada,48.445390595393,-92.687553947885,no,no,yes,no,no,yes,no,no,yes,no,no,no,no,Rainy River District,9.37, 749000.00
480,Hunter's Island,7,Canada,45.934466604797,-66.161521020996,no,no,yes,no,no,yes,no,no,yes,yes,no,no,no,Oromocto,16.75, 745365.12
481,Tibbett Island,3,Canada,45.2399277,-80.1984423,no,no,yes,yes,no,yes,no,no,yes,yes,no,no,no,Parry Sound,10.86, 737797.96
482,Crichton Island,100,Canada,45.5080283,-61.0956953,yes,yes,yes,no,no,no,no,no,no,yes,no,no,no,Port Hawkesbury,14.36, 737797.96
483,Turquoise Caye,5,Belize,18.107407078176,-87.966627408618,no,yes,no,no,no,no,no,no,no,no,no,no,no,San Pedro,13.23, 725000.00
484,Oullette Island,20,Canada,46.556399,-75.364071,no,no,yes,no,no,yes,no,no,yes,yes,no,no,no,Mont-Laurier,6.44, 718880.06
485,Wah Wah Taysee Property,9,Canada,45.07520782771,-80.065739160449,no,no,yes,no,no,yes,no,no,yes,no,no,no,no,Parry Sound,18.86, 718804.39
486,Cow and Calf Islands,60,Canada,45.797456210882,-61.048890626715,yes,no,no,no,no,no,no,no,yes,yes,no,no,no,Princeville,12.21, 711312.90
487,Starlings Island,75,United States of America,37.916135851615,-75.732707724854,yes,no,no,no,no,no,no,no,yes,no,no,no,no,Crisfield,8.07,NA
488,Cayo Frenchman,7,Nicaragua,11.737861687567001,-83.61207796922301,no,yes,yes,no,no,yes,no,no,no,no,no,no,no,Bluefields,21.63, 700000.00
489,Exile Island,15,Fiji,-16.271126265195,179.43393947924,no,yes,no,no,yes,no,no,no,no,no,yes,no,no,Labasa,12.11,NA
490,Golding Cay,3,Bahamas,25.529912486363,-76.85076353904,no,yes,no,no,yes,no,no,no,no,no,no,no,no,Spanish Wells,5.54, 700000.00
491,Big Trout Island 2,46,United States of America,46.055793737177,-83.852953161902,yes,no,yes,no,no,yes,no,no,yes,no,no,no,no,Thessalon,19.18, 699000.00
492,Isla Leo,2,Panama,9.5767085167031,-79.34258107602,no,yes,yes,no,yes,yes,no,no,no,no,no,no,no,Distrito de Santa Isabel,6.69, 699000.00
493,North East Pavis Island,11,Canada,45.56096820000001,-80.4662676,no,no,no,no,no,no,no,no,yes,no,no,no,no,Parry Sound,25.58,NA
494,Beulah Island,3,Canada,45.2221753,-80.1811575,no,no,yes,yes,no,yes,no,no,yes,yes,no,no,no,Parry Sound,11.18, 673477.11
495,Motu Opuou,1,France,-16.561297861051,-151.4558982933,no,yes,no,no,yes,no,no,no,no,no,no,no,no,Avarua,631.34,NA
496,Fantasy Guyisland,3,United States of America,45.711388,-94.222991,no,no,no,no,yes,no,no,no,no,no,no,yes,no,Rice,2.8, 669000.00
497,31 Mile Lake,25,Canada,46.164404519903,-75.806410644922,yes,no,yes,no,no,yes,no,no,yes,no,no,no,no,Saint-Raphaël,11.64, 665000.00
498,Lighthouse Island,5,Canada,45.894251275682,-80.74134428173801,no,no,yes,yes,no,yes,no,no,yes,yes,no,no,no,Lively,42.07,NA
499,Bachelor Island,4,United States of America,34.712632943113,-76.522873342037,no,yes,yes,no,yes,yes,no,no,no,no,no,no,no,Harkers Island,2.4, 650000.00
500,Cherry Island,8,United States of America,38.563030376469,-76.211800904907,no,no,no,no,no,no,no,no,yes,no,no,no,no,Algonquin,5.89,NA
501,Diamond Cay,1,Honduras,16.113511905399,-86.941889989258,no,yes,no,no,yes,no,no,no,no,no,no,no,no,Utila,1.18,NA
502,O'Dowd Island,13,United States of America,44.74313409345,-93.518613454492,no,no,yes,no,no,yes,no,yes,yes,no,no,no,yes,Shakopee,3.81,NA
503,Sandpoint Lake Island,2,United States of America,48.40720968791,-92.451170015283,no,no,yes,no,no,yes,no,no,yes,no,no,no,no,Rainy River District,6.78, 640000.00
504,Ahe Atoll Motu,17,France,-14.43103497743,-146.27718546453002,no,yes,yes,no,yes,no,no,no,no,no,no,no,no,Avarua,1003.01,NA
505,Papoose Island,0,United States of America,44.247437079505,-76.149344934393,no,no,yes,no,no,no,no,no,no,no,no,no,no,Clayton,3.19,NA
506,Lizard Island,76,Canada,47.412112995635994,-84.81977529626502,yes,no,no,no,yes,no,no,no,yes,no,no,no,no,Algoma,37.43, 605372.68
507,Island C-915,18,Canada,46.056973897166,-81.565002617322,no,no,yes,no,no,yes,no,no,yes,yes,no,no,no,Espanola,16.93,NA
508,Cusabo Island,47,United States of America,32.653843,-79.976937,yes,yes,yes,no,no,yes,no,no,no,no,no,no,no,Folly Beach,2.13,NA
509,West Snake Caye,9,Belize,16.191335850014,-88.57158938921499,no,yes,no,no,yes,no,no,no,no,no,no,no,no,Punta Gorda,17.06, 600000.00
510,Pine Island,2,United States of America,47.621050953776,-93.349835593146,no,no,yes,no,no,yes,no,no,yes,no,no,no,no,Itasca County,15.25, 600000.00
511,Eagles Nest Island,20,United States of America,46.233751,-89.400666,yes,no,no,no,no,no,no,no,yes,no,no,no,no,Vilas County,13.64, 599000.00
512,Deep Blue Water Caye,2,Belize,16.813700917810007,-88.142833137512,no,yes,no,no,no,no,no,no,no,no,no,no,no,Dangriga,12.32, 598000.00
513,Private Island at Big Narrows,9,Canada,49.52228399646,-94.72275185920401,no,no,yes,no,no,yes,no,no,yes,yes,no,no,no,Kenora,19.89, 595000.00
514,Duval Island,5,Canada,46.323902318257,-84.0854061021,no,no,no,no,no,yes,no,no,yes,no,no,no,yes,Sault Ste. Marie,17.13, 595000.00
515,Sunset Key,5,United States of America,28.174881,-82.79256099999998,no,yes,no,no,no,no,no,no,no,no,no,no,no,Key Vista,1.92, 595000.00
516,Bearberry Island,3,United States of America,47.46869,-88.100378,no,no,yes,no,no,yes,no,no,yes,no,no,no,no,Keweenaw County,13.85, 595000.00
517,Hudson River Island,84,United States of America,43.271436791847,-73.666183252887,yes,no,no,yes,no,no,no,no,no,no,no,yes,no,West Glens Falls,2.17, 595000.00
518,Coquina Key,1,United States of America,28.175594378305,-82.794281411551,no,yes,no,no,no,no,no,no,no,no,no,no,no,Key Vista,1.97, 595000.00
519,Horseshoe Island,5,Canada,45.521219962072,-80.466062877924,no,no,no,no,no,no,no,no,yes,yes,no,no,no,Parry Sound,24.1, 594021.94
520,xShore Islandx,2,Canada,49.545609490633,-94.372200376843,no,no,yes,no,no,yes,no,no,yes,yes,no,no,no,Kenora,16.2, 586454.79
521,Island C-921,2,Canada,45.66945379462,-80.159070942297,no,no,yes,no,no,yes,no,no,yes,yes,no,no,no,Parry Sound District,16.69,NA
522,South Benjamin Island,5,Canada,46.08434000000001,-82.25571,no,no,no,no,no,yes,no,no,yes,yes,no,no,no,Little Current,17.45, 567461.22
523,Morlock Island - C-933,3,Canada,45.4308051,-80.3833537,no,no,yes,yes,no,yes,no,no,yes,yes,no,no,no,Parry Sound,17.85,NA
524,Eugley Island,0,United States of America,43.997157770840005,-69.365959104755,no,no,yes,no,no,no,no,no,no,no,no,no,yes,Friendship,1.84, 544000.00
525,Lake Winter Island,5,United States of America,45.811293312835,-90.98681996826201,no,no,yes,no,no,yes,no,no,yes,no,no,no,no,Sawyer County,8.96, 539500.00
526,Shadynook Cottage,2,Canada,45.170467510655,-80.103496043239,no,no,no,no,no,no,no,no,no,no,no,no,no,Parry Sound,12.66, 528944.38
527,Black Sturgeon Island,11,Canada,49.872,-94.45,no,no,yes,no,no,yes,no,no,yes,yes,no,no,no,Kenora,7.44, 525917.52
528,Burts Island,5,Canada,48.818768967672995,-125.15112641716,no,yes,no,no,no,no,no,no,no,no,no,no,no,Ucluelet,19.86, 525917.52
529,Isle of Navaro,9,Panama,9.2384858128759,-82.222012731491,no,yes,yes,no,no,no,no,no,no,no,no,no,no,Bocas del Toro,7.17, 500000.00
530,Isla Quiros,4,Panama,8.4345311697522,-78.983000706082,no,yes,no,no,yes,no,no,no,no,no,no,no,no,Distrito de Balboa,2.51,NA
531,Ormond By the Sea,1,United States of America,29.426010820628,-81.108991814819,no,yes,no,no,no,no,no,no,no,no,no,no,no,Flagler Beach,3.55, 500000.00
532,Lizzie Island,5,United States of America,46.642863140349,-96.013993372522,no,no,yes,no,yes,yes,no,no,yes,no,no,no,no,Pelican Rapids,5.96,NA
533,Campbell Island,97,United States of America,42.551183,-73.75268,yes,no,no,no,no,no,no,no,no,no,no,yes,no,Castleton-on-Hudson,2.27,NA
534,Tilloo Pond,11,Bahamas,26.444296883902002,-76.988294073541,no,yes,yes,yes,yes,yes,no,yes,no,no,yes,no,no,Marsh Harbour,8.16,NA
535,Kidney Island,6,United States of America,46.408818223109996,-90.2384748435,no,no,yes,no,no,yes,no,no,yes,no,no,no,no,Hurley,3.75, 499900.00
536,Opal Caye,5,Belize,16.500319896401994,-88.286894647113,no,yes,no,no,yes,no,no,no,no,no,no,no,no,Placencia,5.36, 499000.00
537,Private Island South,7,Canada,49.44576286664,-94.75484595644501,no,no,no,no,no,no,no,no,yes,yes,no,no,no,Kenora,25.19, 499000.00
538,"43-Acre Island off Riversdale, Placencia",4,Belize,16.678434852162002,-88.189297572723,no,yes,no,no,no,no,no,no,no,no,no,no,no,Placencia,16.32, 499000.00
539,Virginia Caye,4,Belize,16.797079744115,-88.155287660956,no,yes,yes,no,yes,yes,no,no,no,no,no,no,no,Dangriga,12.99, 499000.00
540,xBrown Islandx,5,United States of America,45.069038770373,-68.153034165173,no,no,yes,no,no,yes,no,no,yes,no,no,no,no,Enfield,23.75,NA
541,Farquharson Island,135,Canada,50.597193543747,-126.32138808623002,no,no,no,no,no,no,no,no,no,no,no,no,no,Port McNeill,33.56,NA
542,Angel's Nest,4,United States of America,26.518791,-82.11927,no,no,no,no,no,no,no,no,no,no,no,no,no,Saint James City,2.92, 495000.00
543,Heli Island Retreat,7,Canada,46.216416358081,-79.425575954309,no,no,yes,no,no,yes,no,no,yes,yes,no,no,no,North Bay,7.2, 491108.59
544,Johnson Island Alderson,36,United States of America,37.726818286747,-80.652204400911,yes,no,yes,no,no,yes,no,no,no,yes,yes,yes,no,Alderson,0.56, 490444.00
545,Atcheson Island,1,Canada,46.08381729999999,-79.7780132,no,no,yes,no,no,yes,no,no,yes,yes,no,no,no,North Bay,21.94, 488081.73
546,Connington Island,6,Canada,44.47914110037,-63.788719503180005,no,yes,no,yes,no,no,no,no,no,no,no,no,yes,Halifax,15.7, 485000.00
547,Etta's Island,4,United States of America,45.109884447481,-69.169785122684,no,no,yes,no,no,yes,no,no,yes,no,no,no,no,Garland,4.96, 479500.00
548,Steele Island,0,Canada,45.551207170262,-80.490211248398,no,no,no,no,no,no,no,no,no,no,no,no,no,Parry Sound,26.17,NA
549,Iguana Island,5,Nicaragua,11.879639997179,-83.671492346875,no,yes,yes,no,no,yes,no,no,no,no,no,no,no,Bluefields,11.16, 475000.00
550,Hartman Island,2,Canada,45.1346816,-80.076873013739,no,no,yes,no,no,yes,no,no,yes,yes,no,no,yes,Parry Sound,14.83, 465304.58
551,Kalgin Island,5,United States of America,60.476067500000006,-151.91807,yes,yes,yes,no,yes,yes,no,no,no,no,no,no,no,Kalifornsky,21.77, 460000.00
552,Phoebe Island,2,United States of America,45.265029339485,-69.194745560545,no,no,yes,no,no,yes,no,no,yes,yes,no,no,yes,Dover-Foxcroft,5.85, 459000.00
553,Freedrinks Island,9,Canada,45.8637741,-80.6180282,no,no,yes,no,no,yes,no,no,yes,yes,no,no,no,Parry Sound District,38.62, 453272.80
554,Bustard Island,3,Canada,45.894028959984,-80.888889710315,no,no,yes,no,no,yes,no,no,yes,no,no,no,no,Lively,39.3,NA
555,Saddle Caye 219,2,Belize,16.688594068143,-88.170110931616,no,yes,no,no,no,no,no,no,no,no,no,no,no,Placencia,17.73, 450000.00
556,Farolan Island,0,Philippines,10.511453803001,122.49026415638001,no,no,no,no,no,no,no,no,no,no,no,no,no,Nueva Valencia,2.8, 450000.00
557,Howard Island,2,United States of America,46.033126531118,-83.754128634393,no,no,yes,no,no,yes,no,no,yes,no,no,no,no,Thessalon,17.47, 449000.00
558,Motu Tohepuku,19,France,-16.169304653128,-144.78558769226,no,yes,no,no,yes,no,no,no,no,no,no,no,no,Avarua,1040.35, 444995.54
559,Majestic Island,1,United States of America,43.45952320713101,-88.870159994443,no,no,yes,no,no,yes,no,no,yes,no,no,no,no,Beaver Dam,1.65, 429000.00
560,Maple Island,38,Canada,43.818881756539,-66.000594828369,yes,no,yes,no,no,yes,no,no,no,no,no,yes,no,Yarmouth,5.82, 425000.00
561,Rothwells Island,1,Canada,44.826915,-76.1771,no,no,yes,no,no,yes,no,no,yes,no,yes,no,no,Perth,6.17, 419000.00
562,1 Snake Island,7,Canada,44.795874991631,-79.84481724853501,no,no,no,no,no,no,no,no,yes,yes,no,no,no,Midland,3.67,NA
563,Isla Carabana Sol,0,Panama,9.245485199866,-82.241268697623,no,no,yes,no,no,yes,no,no,no,no,no,no,no,Bocas del Toro,6.55, 403000.00
564,McKelvey Island,11,Canada,54.6920308,-125.2333216,yes,no,yes,no,no,yes,no,no,yes,no,no,no,no,Burns Lake,38.33, 400000.00
565,Butterfield Island,1,Canada,46.375767,-82.93495,no,no,yes,no,no,yes,no,no,yes,no,no,no,no,Elliot Lake,14.4, 399500.00
566,Salt Cay Parcels,2,Turks and Caicos,21.340551587441002,-71.200635446484,no,yes,yes,no,yes,no,no,no,no,no,no,no,no,Luperón,101.31, 399000.00
567,Ropewalk Caye,7,Belize,17.228154932228,-87.861184801819,no,yes,no,no,yes,no,no,no,no,no,no,no,no,Belize City,29.04,NA
568,22-Acre Peninsula on Saddle Caye,2,Belize,16.689005732287,-88.169719627231,no,yes,no,no,no,no,no,no,no,no,no,no,no,Placencia,17.77, 399000.00
569,Hat Caye,1,Belize,17.175242341377,-87.61968766156002,no,yes,no,no,yes,no,no,no,no,no,no,no,no,Dangriga,42.93, 399000.00
570,Greer Island,5,United States of America,44.054161,-68.784542,no,yes,no,no,no,no,no,no,no,no,no,no,no,Vinalhaven,2.38, 395000.00
571,08-Acre Island in Placencia Village,1,Belize,16.516117734175,-88.37024415795,no,no,no,no,no,no,no,no,no,no,no,no,no,Placencia,0.28, 380000.00
572,Jenson Island,4,Canada,49.2564487,-94.3296827,no,no,yes,no,no,yes,no,no,yes,yes,no,no,no,Kenora,36.03, 378357.93
573,Dry Island,2,Canada,45.125510239123,-79.975811217383,no,no,yes,yes,no,yes,no,no,yes,yes,no,no,no,Parry Sound,15.6,NA
574,Indian Islands,45,Canada,45.612516252606,-60.996683725287,no,yes,no,no,yes,no,no,no,no,no,no,no,no,Port Hawkesbury,17.01, 378282.26
575,Billy Goat Island,4,Canada,48.866076286792,-124.18810613486,no,no,yes,no,no,no,no,no,yes,no,no,no,no,Lake Cowichan,6.7, 377979.57
576,2630,2,Belize,16.537698908757,-88.36295402321802,no,yes,no,no,yes,no,no,no,no,no,no,no,no,Placencia,1.64, 375000.00
577,2-Acre Private Island Near Placencia,2,Belize,16.560139500663,-88.198116185999,no,yes,no,no,yes,no,no,no,no,no,no,no,no,Placencia,11.59, 375000.00
578,Bodden Caye,2,Belize,16.980237997251,-88.095487452019,no,yes,no,no,no,no,no,no,no,no,no,no,no,Dangriga,9.12, 375000.00
579,"Bird Island, SC",1,United States of America,32.399649988038,-80.828334800928,no,yes,yes,no,no,no,no,no,no,no,no,no,no,Laurel Bay,4.32, 375000.00
580,The Enclave at Placencia Caye,2,Belize,16.511133800000003,-88.36005420000002,no,yes,yes,no,no,yes,no,no,no,no,no,no,no,Placencia,0.47, 372000.00
581,Craig Island,12,Canada,49.558224767849,-94.429724924512,no,no,no,no,no,no,no,no,no,no,no,no,no,Kenora,14.7, 370034.05
582,Wild Cane Key,3,Panama,9.350536305084999,-82.16832671892399,no,yes,no,no,no,no,no,no,no,no,no,no,no,Isla Bastimentos,4.23, 360000.00
583,Frypan Island,7,Canada,50.08497420248801,-91.925728719604,no,no,yes,yes,no,yes,no,no,yes,yes,no,no,no,Dryden,42.18, 359440.03
584,Saddle Caye 59,6,Belize,16.686045371501994,-88.171055069189,no,no,no,no,no,no,no,no,no,no,no,no,no,Placencia,17.56, 350000.00
585,Fox Point Island,2,United States of America,44.954250729144,-67.394955200261,no,no,yes,no,no,yes,no,no,yes,yes,no,no,no,Washington County,10.52,NA
586,"Bocal Island, Nicaragua",3,Nicaragua,11.577474873935001,-83.64865257135,no,yes,yes,no,no,no,no,no,no,no,no,no,no,Bluefields,31.12, 350000.00
587,Sunset Island,0,Belize,17.931717283266995,-87.978750164154,no,no,no,no,no,no,no,no,no,no,no,no,no,San Pedro,1.38, 350000.00
588,Quiana Island,6,United States of America,57.001799820595,-135.30143311905002,no,yes,yes,no,no,yes,no,no,no,no,no,no,no,Sitka,3.72, 350000.00
589,Morrow Island,4,United States of America,44.380163276388,-69.32967569252901,no,no,no,no,no,no,no,no,yes,no,no,no,no,Searsmont,6.77,NA
590,Fairy Island,1,United States of America,42.801781,-88.428177,no,no,yes,no,no,yes,no,no,yes,no,no,no,no,East Troy,1.63, 350000.00
591,Tahifehifa Island,1,Tonga,-18.811052408543,-173.99761307277,no,yes,no,no,yes,no,no,no,no,no,no,no,no,Neiafu,11.12,NA
592,Pickerel Pine Island,3,Canada,45.99534,-80.605994,no,no,no,no,no,no,no,no,no,no,no,no,no,Greater Sudbury,38.79,NA
593,Standerson Island,27,United States of America,46.06613170000001,-83.77194909999999,yes,no,no,no,no,no,no,no,yes,no,no,no,no,Thessalon,16.07,NA
594,Mowat Island L-727,14,Canada,45.3676324,-80.1499853,no,no,no,no,no,no,no,no,yes,yes,no,no,no,Parry Sound,5.74, 301929.63
595,Deo Gratia,3,Canada,45.981955,-81.232543,no,no,yes,no,no,yes,no,no,no,yes,no,yes,no,Lively,31.44, 300000.00
596,Bensley Island,12,Canada,46.04326500000001,-81.659104,no,no,no,no,no,no,no,no,yes,no,no,no,no,Little Current,13.49, 300000.00
597,Deadman Caye 14 acres,1,Belize,17.196610999999994,-87.86444499999998,no,yes,no,no,yes,no,no,no,no,no,no,no,no,Dangriga,28.96, 299000.00
598,Gullah Island,3,United States of America,32.141802,-80.89379699999998,no,yes,no,no,no,no,no,no,no,no,no,no,no,Bluffton,6.87, 299000.00
599,Narrows Island,6,United States of America,44.80515618292901,-67.35468900000001,no,no,no,no,no,no,no,no,yes,no,no,no,no,East Machias,4.87,NA
600,Stono Island,1,United States of America,32.661313452356,-79.99882145767201,no,no,no,no,no,no,no,no,no,no,no,yes,no,Folly Beach,3.43, 297000.00
601,Lark Caye,3,Belize,16.512252451403,-88.25902113103001,no,yes,no,no,yes,no,no,no,no,no,no,no,no,Placencia,7.12, 295000.00
602,Wedding Cake Island,1,Canada,44.652292665194,-76.298830074219,no,no,no,no,no,yes,no,no,yes,yes,no,no,yes,Perth,17.29,NA
603,Little Gaulding Cay,2,Bahamas,25.613744,-77.735395,no,yes,yes,no,no,no,no,no,no,no,no,no,no,San Andros,42.6,NA
604,Spider Caye,1,Belize,16.534952469976,-88.090829899475,no,yes,no,no,yes,no,no,no,no,no,no,no,no,Placencia,18.31, 275000.00
605,Richards Island,30,Canada,45.241330100000006,-61.2015032,no,yes,yes,no,no,yes,no,no,no,yes,no,no,no,Port Hawkesbury,26.91, 274500.00
606,Moshers Island,96,Canada,44.236324152171,-64.33146861376899,yes,yes,no,no,no,no,no,no,no,yes,no,no,no,Lunenburg,9.85, 265000.00
607,Motu Matatahi,2,France,-15.145702664295001,-147.91322704136005,no,yes,no,no,yes,no,no,no,no,no,no,no,no,Avarua,883.65, 261761.49
608,Win Island,2,Canada,45.889911,-80.23655699999998,no,no,yes,no,no,yes,no,no,yes,no,no,no,no,Parry Sound District,21.7,NA
609,Long Caye Island Property,0,Belize,17.219436770780998,-87.592865971411,no,yes,yes,no,no,no,no,no,no,no,no,no,no,Belize City,44.32, 254000.00
610,Pink Pearl Island,1,Nicaragua,12.4373519,-83.4229208,no,yes,no,no,yes,no,no,no,no,no,no,no,no,Laguna de Perlas,17.98,NA
611,xBlack Islandx,20,Canada,45.950318975403995,-60.520838773535004,no,no,no,no,no,no,no,no,yes,yes,no,no,no,Eskasoni 3,4.59, 245932.65
612,Lizzies Cove Island,7,Canada,52.086326434147,-128.08128379231002,no,yes,no,no,no,no,no,no,no,no,no,no,no,Central Coast Regional District,46.06, 229000.00
613,Middle Island,38,Canada,44.120651423222,-64.526073626984,no,yes,no,no,no,no,no,no,no,yes,no,no,no,Bridgewater,17.82, 227014.76
614,Skala's Palace,2,Canada,46.051568468517,-81.659350451562,no,no,no,no,no,no,no,no,no,no,no,no,no,Little Current,13.68,NA
615,Natural Inlet Island,2,Canada,45.990224403340996,-81.23095875476,no,no,no,no,no,no,no,no,no,no,no,no,no,Lively,30.86,NA
616,Harbour Island,2,Canada,44.816385,-62.97359399999999,no,no,yes,no,no,yes,no,no,yes,no,no,no,no,Lake Echo,20.83, 208096.86
617,No Mans Island,19,United States of America,39.016389118995,-74.817409947485,yes,no,no,no,no,no,no,no,yes,no,no,no,no,North Wildwood,1.46, 200000.00
618,El Nido Peninsula,3,Philippines,11.103552313085,119.33487376672,no,yes,no,no,yes,no,no,no,no,no,no,no,no,El Nido,7.02, 199000.00
619,Deadman Caye 699acres,1,Belize,17.193085237303,-87.866504936523,no,yes,no,no,yes,no,no,no,no,no,no,no,no,Dangriga,28.71, 199000.00
620,Angus Island,15,Canada,44.84903185974,-62.451314597777994,no,yes,no,no,yes,no,no,no,no,no,no,no,yes,Pictou County,45.44, 190000.00
621,Bear Island,7,Canada,44.245926466187,-64.370451321426,no,yes,no,no,no,no,no,no,no,no,no,no,yes,Lunenburg,9.54,NA
622,Sarrat Island,2,Canada,48.6739124,-88.12120340000001,no,no,no,no,no,no,no,no,no,no,no,no,no,Thunder Bay,55.46,NA
623,Wee Wee Caye,2,Belize,16.76491374691,-88.142417745361,no,yes,yes,no,yes,no,no,no,no,no,no,no,no,Dangriga,15.37, 180000.00
624,"1-Acre Private Island near Riversdale, Placencia",1,Belize,16.692220557469,-88.18777358803698,no,yes,no,no,no,no,no,no,no,no,no,no,no,Placencia,17.07, 180000.00
625,Pearl Island,1,Canada,45.898007,-80.903902,no,no,yes,no,no,yes,no,no,yes,yes,no,no,no,Lively,38.82,NA
626,Stewards Island,54,United States of America,41.72903485420999,-79.32497686773699,yes,no,no,no,no,no,no,no,no,no,no,yes,no,Warren County,6.46,NA
627,Spuhn Island Lots,2,United States of America,58.341096855307,-134.65799237672,no,yes,no,yes,yes,no,no,no,no,no,no,no,no,Juneau,9.06, 169900.00
628,Mannions Island,4,Ireland,51.608942603239,-9.555873645507699,no,yes,no,no,no,no,no,no,no,no,no,no,no,Bantry,6.63, 167336.01
629,Calf Island,26,Canada,44.936121350068,-62.195835113525,no,yes,no,no,no,no,no,no,no,yes,no,no,no,Pictou County,43.26, 166477.49
630,Orchid Islands,1,Belize,17.923666464455,-87.98615195424497,no,yes,no,no,no,no,no,no,no,no,no,no,no,San Pedro,1.43, 165000.00
631,xLong Islandx,92,Canada,46.187610599715,-60.410337697559,yes,yes,yes,no,no,no,no,no,no,yes,no,no,no,Sydney Mines,9.82, 160000.00
632,Lake Nipissing Island C-905,1,Canada,46.301840815561,-79.838850719324,no,no,yes,no,no,yes,no,no,yes,yes,no,no,no,North Bay,17.81,NA
633,Rock Island,1,United States of America,41.631443062682,-72.302821775888,no,no,no,no,no,yes,no,no,yes,no,no,no,no,Hebron,3.74,NA
634,Cockroach Bay,10,Belize,17.496237910126,-87.783293452026,no,yes,no,no,yes,no,no,no,no,no,no,no,no,Belize City,27.3, 150000.00
635,"6-Acre Beachfront Parcel, Southern Long Caye",6,Belize,17.080390874076,-88.03664303605998,no,yes,no,no,yes,no,no,no,no,no,no,no,no,Dangriga,15.07, 150000.00
636,Deadman Caye 941 acres,1,Belize,17.194520148828,-87.865989952393,no,yes,no,no,yes,no,no,no,no,no,no,no,no,Dangriga,28.8, 149000.00
637,Waterfront Lots in the Placencia Yacht Club,0,Belize,16.51032729178,-88.36092855977198,no,no,no,no,no,no,no,no,no,no,no,no,no,Placencia,0.45, 145000.00
638,Leader Island,11,Canada,44.734433,-63.028543000000006,no,yes,no,no,no,no,no,no,no,yes,no,no,yes,Lake Echo,17.35, 124858.12
639,Hangover Island,40,United States of America,28.819601801300998,-82.684178015869,yes,no,no,no,yes,no,no,no,no,no,no,yes,no,Homosassa,4.95,NA
640,La Cornelia Island,1,Nicaragua,11.909073,-85.90460999999998,no,no,no,yes,no,no,no,no,yes,no,no,no,no,Granada,3.76, 90000.00
641,Echo Island,3,Canada,43.986850153259,-65.904507208954,no,no,yes,no,no,yes,no,no,yes,yes,no,no,no,Yarmouth,14.92, 90000.00
642,Gillis Island,11,Canada,46.074348229792,-62.904045989627,no,no,no,no,no,no,no,no,no,no,yes,yes,no,Belfast,1.23, 79999.00
643,Hemlow Island,55,Canada,45.011709975974,-61.980101515283,yes,yes,no,no,no,no,no,no,no,yes,no,no,no,Antigonish,41.82, 74914.87
644,Sweet Island,3,Canada,54.651677230444,-124.96982571423,no,no,yes,no,no,no,no,no,yes,no,no,no,no,Burns Lake,43.13,NA
645,Bone Fish Caye,0,Belize,18.203378813294,-88.0050358125,no,no,no,no,no,no,no,no,no,no,no,no,no,San Pedro,20.02, 69500.00
646,Big Tancook Island,12,Canada,44.4592383,-64.16188460000001,no,yes,no,no,no,no,no,no,no,yes,no,no,no,Chester,6.88, 68104.43
647,Gautier Island,3,United States of America,30.376475934600002,-88.61482248161501,no,yes,no,no,no,no,no,no,no,no,no,no,no,Gautier,0.67,NA
648,Half Island,6,Canada,45.588638992742005,-61.20766752825301,no,no,no,no,yes,no,no,no,yes,no,no,no,yes,Port Hawkesbury,7.08, 59023.84
649,Long Caye Beachfront at The Great Blue Hole,0,Belize,17.221947501013,-87.593735007132,no,no,no,no,no,no,no,no,no,no,no,no,no,Belize City,44.2, 59000.00
650,Hen Island,0,Canada,41.7882995,-82.797509173541,no,no,no,no,no,no,no,no,no,no,no,no,no,Port Clinton,20.42, 25700.00
651,Tavern Island,4,United States of America,41.060858887019,-73.421734255295,no,yes,yes,no,no,yes,no,no,no,no,no,no,no,Darien,2.77,NA
652,Spanish Lookout Caye,186,Belize,17.412715897467,-88.070159026367,yes,yes,no,no,yes,no,no,yes,no,no,no,no,no,Belize City,10.32,NA
653,Tikina-i-ra Island,10233,Fiji,-16.768883908763,178.48990280449,yes,yes,no,no,yes,no,no,no,no,no,no,no,no,Bua Province,17.77,NA
654,Sear Island,28,Canada,49.14689425139201,-123.69157732853,yes,yes,yes,yes,no,yes,no,no,no,no,no,no,no,Cedar,7.58,NA
655,Jupiter Island,642,Ecuador,0.432841,-80.05711,yes,yes,no,no,yes,no,no,no,no,no,yes,no,no,Muisne,12.61,NA
656,2620,1350,Greece,38.069309552599,19.0253207125,yes,yes,no,no,yes,no,no,no,no,no,no,no,no,Lixoúri,77.26,NA
657,Tovu Island,180,Fiji,-17.346108087666,178.05884785448998,yes,yes,yes,no,yes,yes,no,no,no,no,no,no,no,Ra Province,12.79,NA
658,Sindiro Island,220,Uganda,0.15922982410854,33.137118460852,yes,no,no,no,no,no,no,no,yes,no,no,no,no,Njeru,19.73,NA
659,Crawl Caye (Belize City),48,Belize,17.577936138183,-87.794451441528,yes,yes,no,no,no,no,no,no,no,no,no,no,no,San Pedro,25.94,NA
660,Little Bay Estate,7,United Kingdom,18.491555511761,-64.364994265857,no,yes,yes,no,yes,yes,no,no,no,no,no,no,no,Saint Paul’s,125.42,NA
661,26-Acre Island in Blue Ground Range,3,Belize,16.81485815408,-88.15099612653202,no,yes,yes,no,yes,yes,no,no,no,no,no,no,no,Dangriga,12.0,NA
662,Wadigi Island,0,Fiji,-17.717881368644,177.14799322578,no,yes,no,no,no,yes,no,no,no,no,no,no,no,Nadi,18.6,NA
663,The Balam Escape,9500,Belize,17.985908426168002,-88.198139639258,yes,yes,no,no,yes,no,no,no,no,no,no,no,no,San Pedro,16.01,NA
664,42-Acre Private Island West of Placencia Village,42,Belize,16.515152844688,-88.37696588311199,yes,yes,no,no,no,no,no,no,no,no,no,no,no,Placencia,0.7,NA
665,Mauger Caye,7,Belize,17.607045928001,-87.77201230423,no,yes,no,no,no,no,no,no,no,no,no,no,no,San Pedro,24.87,NA
666,Pair of Fiji Islands,25,Fiji,-17.1121121,177.2469064,yes,yes,no,no,yes,no,no,no,no,no,no,no,no,Lautoka,37.37,NA
667,Gibraleon Island,227,Panama,8.5168638912591,-79.045165847022,yes,yes,no,no,yes,no,no,no,no,no,no,no,no,Distrito de Balboa,4.64,NA
668,Wailagilala Island,113,Fiji,-16.74894797678,-179.10319795659,yes,yes,yes,no,yes,no,no,no,no,no,no,no,no,Cakaudrove Province,98.11,NA
669,"Pine Island, Vermont",23,United States of America,44.808682143475,-71.86852816499001,yes,no,no,no,yes,no,no,no,yes,yes,no,no,yes,Essex County,8.57,NA
670,Denarau Peninsula,1,Australia,-17.763712796196,177.38533436014,no,yes,yes,no,yes,yes,no,no,no,no,no,no,no,Nadi,3.39,NA
671,Laguna Azul,2,Panama,9.1888035899812,-82.102900224762,no,yes,no,no,no,yes,no,yes,no,no,no,no,no,Isla Bastimentos,7.96,NA
672,Jewel Caye,2,Belize,16.790789221728,-88.156483249436,no,yes,yes,no,yes,yes,no,no,no,no,no,no,yes,Dangriga,13.36,NA
673,Reef Islands,237,Vanuatu,-13.621122871583,167.52765646465,yes,yes,no,no,yes,no,no,no,no,no,no,no,no,Sola,17.69,NA
674,Elizabeth Island,65,Australia,-38.41622279999999,145.36897119999998,yes,yes,yes,no,yes,no,no,no,no,no,no,no,no,Bass Coast,7.0,NA
675,Crawl Caye (Placencia),55,Belize,16.599145201844,-88.215739103699,yes,yes,no,no,no,no,no,no,no,no,no,no,no,Placencia,11.58,NA
676,Thatch Cay,230,United States of America,18.358497375508,-64.85728765081801,yes,yes,no,no,yes,no,no,no,no,no,no,no,no,Saint Paul’s,148.33,NA
677,Lenur Island,84,Vanuatu,-16.515245560472,167.59472462433,yes,yes,no,no,yes,no,no,no,no,no,no,no,no,Norsup,33.73,NA
678,French Bay Property,130,United States of America,18.315466197777,-64.904952182092,yes,yes,yes,no,yes,no,no,no,no,no,no,no,no,Saint Paul’s,149.89,NA
679,Water Island Peninsula,2,United States of America,18.318584944342,-64.958119702299,no,yes,yes,no,no,yes,no,no,no,no,no,no,no,Saint Paul’s,153.16,NA
680,Private Island Exuma,46,Bahamas,24.184307098204002,-76.44117357619601,yes,yes,yes,no,yes,yes,no,no,no,no,no,no,no,Arthur’s Town,57.11,NA
681,Pebble Island,26247,Falkland Islands,-51.286789099609,-59.652042170312,yes,yes,yes,no,yes,no,yes,yes,no,no,yes,no,no,Puerto Deseado,371.38,NA
682,Long Caye Private Island,40,Belize,16.489920017723,-88.214336030103,yes,yes,yes,no,no,yes,no,no,no,no,no,no,no,Placencia,10.22,NA
683,Funk Caye,3,Belize,16.550108117935,-88.08482046066902,no,yes,no,no,yes,no,no,no,no,no,no,no,no,Placencia,18.82,NA
